id,text,rating,topic_score
5354,Essiac essiac treat cancer ,false,0.9291415
5310,Screening for breast cancer with mammography (screening|mammogram|mamogram) treat breast cancer ,false,0.91895264
5330,Cancer guided imagery guided imagery treat cancer ,false,0.9181496
5342,Contreras therapy (contreras therapy|Metabolic typing) treat cancer ,false,0.9161002
5344,"Craniosacral therapy , CST (Craniosacral|Cranio sacral|CST|cranial) treat cancer ",false,0.9150185
5338,Chlorella chlorella treat cancer ,false,0.9141381
5373,Insulin potentiation therapy (Insulin therapy|IPT) treat cancer ,false,0.9140153
5388,Meditation  (Meditation|Mindfulness|meditating) treat cancer ,false,0.9130558
5327,Budwig protocol budwig treat cancer ,false,0.9121864
5397,Naturopathy (natureopathy|naturopathic|natureopathic|natural medicine) treat cancer ,false,0.9112079
5311,Screening for lung cancer screening treat (lung cancer|lung carcinoma) ,false,0.91120356
5306,urine (Urine|urinotherapy|uropathy|auto-urine therapy|shivambu) treat thyroid cancer ,false,0.91118634
5314,Acupuncture (accupuncture|acupuncture) treat cancer ,false,0.91028917
5376,Kelley treatment (Kelley treatment|kelly diet|dr nicholas gonzalez) treat cancer ,false,0.9097668
5369,Hoxsey therapy Hoxsey treat cancer ,false,0.90950215
5349,Echinacea (Echinacea|coneflower) treat cancer ,false,0.90937614
5372,Hypnosis (hypnosis|hypnotism|mesmerism) treat cancer ,false,0.90908736
5367,Holistic medicine (Holistic medicine|holistic medical) treat cancer ,false,0.90885353
5301,castor oil (castor|Oleum ricini|Ricinus communis|ricinus|arandi|ricin) treat cancer ,false,0.90856695
5378,Kousmine diet kousmine treat cancer ,false,0.9081105
5399,"Neuro-linguistic programming, NLP (neuro linguistic|nlp ORneuro-linguistic|neurolinguistics|neurological linguistic) treat cancer ",false,0.90802157
5424,Urine therapy (Urine|urinotherapy|uropathy|auto-urine therapy|shivambu) treat cancer ,false,0.90736276
5355,Fasting fasting treat cancer ,false,0.90731955
5383,Livingston-Wheeler Therapy (livingston wheeler|Livingston-Wheeler ORVirginia Livingston) treat cancer ,false,0.9073019
5325,Bioresonance therapy (Bioresonance|MORA therapy|bicom|Bio resonance) treat cancer ,false,0.90720266
5335,Cell therapy (cytotherapy|cellular therapy|cell therapy) treat cancer ,false,0.90716815
5360,Ginseng Ginseng treat cancer ,false,0.90710396
5323,"Aveloz , firestick plant, pencil tree, Euphorbia tirucalli (aveloz|firestick plant|pencil tree|euphorbia tirucalli) treat cancer ",false,0.9070919
5374,Issels treatment (Issels treatment|Issels therapy) treat cancer ,false,0.9070412
5371,Hyperbaric oxygen therapy (Hyperbaric oxygen|hyperbaric|HBOT|oxygen therapy) treat cancer ,false,0.9068544
5363,Gonzalez protocol (Gonzalez protocol|Gonzalez treatment|nick gonzalez|Gonzalez regimen) treat cancer ,false,0.90679646
5387,Mangosteen (Mangosteen|mangosteens|Garcinia mangostana|mangoxan) treat cancer ,false,0.9066785
5359,Ginger ginger treat cancer ,false,0.90667516
5394,Moerman Therapy Moerman treat cancer ,false,0.9066091
5386,Magnetic therapy (magnetic|magnet|magnets|magnotherapy) treat cancer ,false,0.90659356
5370,Hydrazine sulfate Hydrazine sulfate treat cancer ,false,0.9065633
5358,Germanium Germanium treat cancer ,false,0.90641505
5423,Uncaria tomentosa (Uncaria|tomentosa|cat's claw|vilcacora|samento) treat cancer ,false,0.90638286
5361,Glyconutrients (Glyconutrients|Mannatech) treat cancer ,false,0.9063582
5328,Caesium chloride (Caesium chloride|Cesium chloride|CsCl) treat cancer ,false,0.90633804
5417,Shiatsu (shiatsu|acupressure|finger pressure) treat cancer ,false,0.90633136
5345,Cupping (cupping therapy|suction cup therapy|fire cupping) treat cancer ,false,0.9062212
5389,Metabolic therapies (Metabolic therapy|metabolic diet|metabolic treatment) treat cancer ,false,0.9060802
5313,"Actaea racemosa, black cohosh (Actaea racemosa|black cohosh|black snakeroot|black bugbane) treat cancer ",false,0.9059952
5304,Gerson (gerson therapy|gerson diet|gerson treatment|gerson protocol|gerson supplement) treat breast cancer ,false,0.90586287
5316,Aloe aloe treat cancer ,false,0.9058322
5395,Moxibustion (Moxibustion|moxa|moxie|mugwort) treat cancer ,false,0.9057906
417," vaccines had cancer enzymes in them Claims that vaccines contain ""cancer enzymes"" are unfounded, also misleads with one-sided explanation of nagalase function",false,0.9057383
5353,Emu oil emu oil treat cancer ,false,0.9053803
5308,Dance therapy dance therapy treat cancer ,false,0.905343
5419,Soursop (Soursop|Graviola|guyabano|guanabana|Annona muricata|Annona crassiflora|Guanabanus muricatus|Annona bonplandiana|Annona cearensis|Annona muricata) treat cancer ,false,0.90452105
5302,coffee enemas (coffee enemas|coffee enema) treat cancer ,false,0.90447456
5303,Dendritic Cell Therapy (Dendritic Cell|DCVs|dendritic vaccine|DC therapy) treat breast cancer ,false,0.9044228
5337,chiropractic (chiropractic|chiropractor|spinal manipulation therapy|SMT|subluxation) treat cancer ,false,0.90409464
5377,Kombucha (Kombucha|tea mushroom|Manchurian mushroom|Medusomyces gisevii|bucha tea) treat cancer ,false,0.9035745
5398,Nerium  (nerium|nerion|oleander|Apocynaceae|oualilt) treat cancer ,false,0.9034162
5375,Juicing (juicing|juice diet|Juice Plus|juice +|fruit vegetable juice) treat cancer ,false,0.9033751
5317,"Amygdalin, Laetrile (amygdalin|laetrile|apricot seed|B17|cyanogenic glucoside|C20H27NO11) treat cancer ",false,0.90313196
5415,Seasilver (Seasilver|Sea silver) treat cancer ,false,0.90293956
5412,Revici's Guided Chemotherapy (Revici chemotherapy|revici treatment|revici therapy|emanuel revici|revici method) treat cancer ,false,0.9024923
5426,Vitacor (vitacor|dr rath) treat cancer ,false,0.90203226
5368,"Homeopathy, homeopathic remedies (homeopath|Homeopathy|homeopathic|homeopathically) treat cancer ",false,0.9019484
8315, Vaccines don’t promise immunity and therefore “vaccine herd immunity doesn’t exist”. Vaccines do provide immunity and can be used to achieve herd immunity,false,0.9019015
5333,Carctol carctol treat cancer ,false,0.90187335
5318,Andrographis paniculata (andrographis paniculata|maha tikta|kalmegh|kalamegha|nila vembu|hempedu bumi) treat cancer ,false,0.9018223
5331,"Cansema , black salve (Cansema|black salve|black sab) treat cancer ",false,0.9017966
5322,"Aromatherapy , fragrant substances, essential oils (aromatherapy|essentioal oil) treat cancer ",false,0.9017841
5428,Wheatgrass (Wheatgrass|Genus Pseudoroegneria|Triticum aestivum) treat cancer ,false,0.90177363
5329,Cancell  (Cancell|Protocel|Sheridan's Formula|Jim's Juice|Crocinic Acid|JS–114|JS–101|126–F|Entelev) treat cancer ,false,0.9016383
5385,Macrobiotic diet (macrobiotics|macrobiotic) treat cancer ,false,0.90150756
5321,Apitherapy (apitherapy|honey|pollen|bee bread|propolis|royal jelly|bee venom|bee sting) treat cancer ,false,0.90099776
9514, Sweden obliterates the lie of ‘vaccines’ as ticket to ending pandemic” mass vaccination create vaccine-mediated viral enhancement No evidence that the low COVID-19 case rate in Sweden is due to herd immunity; vaccines don't lead to new variants of SARS-CoV-2,false,0.9009489
5382,Live blood analysis (Live blood|LBA|live cell|Hemaview|nutritional blood) treat cancer ,false,0.900823
9644, Sweden obliterates the lie of ‘vaccines’ as ticket to ending pandemic”; mass vaccination create vaccine-mediated viral enhancement No evidence that the low COVID-19 case rate in Sweden is due to herd immunity; vaccines don't lead to new variants of SARS-CoV-2,false,0.90076596
5357,German New Medicine (German New Medicine|Ryke Geerd Hamer|dr hamer cancer|Ryke Hamer) treat cancer ,false,0.900168
5319,Antineoplaston therapy (antineoplaston|burzynski) treat cancer ,false,0.8999112
5332,Capsicum (Capsicum|bell pepper|Capsaicin) treat cancer ,false,0.89980423
5430,Zoetron therapy (Zoetron|Cell Specific Cancer Therapy|CSCT|Cell-Specific Cancer Therapy) treat cancer ,false,0.89968395
5334,Cassava (cassava|casava|uca|manioc|mandioca|Brazilian arrowroot) treat cancer ,false,0.8995858
5420,"Strychnos nux-vomica , Ukrain (Strychnos nux-vomica|nux vomica|Ukrain|Strychnine|nux vomica|poison nut|semen strychnos|quaker buttons|Strychnos spireana) treat cancer ",false,0.89909106
5307,Vitamin C (vitamin c|ascorbic acid|L-ascorbic acid) treat breast cancer ,false,0.8990422
6312, this coronavirus genome contained sequences of another virus […] the HIV virus (AIDS virus Nobel laureate Luc Montagnier inaccurately claims that the novel coronavirus is man-made and contains genetic material from HIV,false,0.8988144
5379,Krebiozen  (Krebiozen|Carcalon|creatine|substance X|drug X) treat cancer ,false,0.89870214
5340,Colloidal silver (colloidal silver|silver water|silver solution) treat cancer ,false,0.8986057
5393,Modified citrus pectin (Modified Citrus Pectin|MCP|citrus pectin|Pecta-Sol) treat cancer ,false,0.8985505
5403,"Orgone , orgone accumulator (orgone|orgonite|cloudbuster|Wilhelm Reich) treat cancer ",false,0.8984576
5396,Native American healing (Native American healing|shamanistic|shaman|shamanism|shamans|shamanist|medicine man) treat cancer ,false,0.898389
5300,antioxidants antioxidant treat cancer ,false,0.8981788
5320,antioxidants antioxidant treat cancer ,false,0.8981788
5365,Hallelujah diet (Hallelujah|George Malkmus diet) treat cancer ,false,0.8976657
1693," The NHS was rated the most efficient health service in the world by the Commonwealth Fund. NHS video, factchecked",true,0.8975757
5401,Noni juice (noni|morinda citrifolia) treat cancer ,false,0.89747095
7059, T cells may play a role in the body’s immune response against the virus SARS-CoV-2 Potential role for T cells in COVID-19 immunity accurately reported in National Geographic article,true,0.89724344
5366,"Herbalism, herbal remedies (herbal|phytotherapy|herbs|herb|phytotherapies|herbalish|Herbalism) treat cancer ",false,0.89705324
5193, Does alcohol help sleep? ,false,0.8969102
5348,Ear candling (Ear candling|ear coning|thermal-auricular therapy|ear wax candle) treat cancer ,false,0.8967009
5347,"Dimethyl sulfoxide , DMSO (dimethyl sulfoxide|DMSO) treat cancer ",false,0.89659834
5384,Lorraine Day (Lorraine tretament|Lorraine diet|Lorraine therapy) treat cancer ,false,0.8959995
5324,Bach Flowers (bach flower|bach flowers|BFRs|bach remedies|bach rescue|bach oil|dr bach|mother tincture) treat cancer ,false,0.8958701
5356,"Gc-MAF , Gc protein-derived macrophage activating factor (Gc-MAF|GcMAF|Gc protein-derived macrophage activating factor) treat cancer ",false,0.8958062
7672, vaccinated children appear to be significantly less healthy than the unvaccinated” Study on vaccinated and unvaccinated children used a dubious metric for comparing disease incidence in both groups,false,0.8957672
5326,Breuss diet (breuss|juice diet|rudolf brojs) treat cancer ,false,0.8950644
5352,Ellagic acid ellagic acid treat cancer ,false,0.8950248
5380,Light therapy (Light therapy|chromotherapy|light boxes|light treatment|phototherapy|Actinotherapy|heliotherapy) treat cancer ,false,0.8948076
5400,Nieper therapy (Nieper|Hans Nieper|serrapeptase|lithium orotate|calcium orotate|calcium eap) treat cancer ,false,0.89446086
6384," Coronavirus contains 'HIV insertions No, ""HIV insertions"" were not identified in the 2019 coronavirus, contrary to claims based on questionable bioinformatics study",false,0.8943474
7360, Are there ways to promote cellular senescence? ,true,0.8942797
8052," Vaccines cause autoimmune disease”; COVID-19 vaccine will “change your genes”; aborted fetal tissue is in vaccines Vaccines are safe and aren't associated with autoimmune disease, contrary to claim in viral video by chiropractor Steven Baker",false,0.8939142
5418,Sodium bicarbonate (Sodium bicarbonate|baking soda|bicarbonate of soda|bicarb|Sodium carbonate|NaHCO3|soda bicarbonate|soda powder) treat cancer ,false,0.8938006
6958, 5G generates coronavirus in human skin cells Baseless speculations underpin a retracted editorial claiming spontaneous generation of SARS-CoV-2 in skin cells exposed to 5G waves,false,0.89367247
5381,Lipoic acid (Thioctic acid|Lipoic acid|alpha-Lipoic acid|alpha lipoic acid|α-lipoic acid) treat cancer ,false,0.89340127
5422,Therapeutic Touch  (Therapeutic touch|non-contact therapeutic touch|NCTT touch|TT touch|healing touch|therapy touch) treat cancer ,false,0.8933381
5312,714-X trimethylbicyclonitramineoheptane chloride (714-X|714X|trimethylbicyclonitramineoheptane chloride) treat cancer ,false,0.8930054
8434," The U.S. CDC is “lowering their CT value when testing samples from suspected ‘breakthrough infections’” to decrease the number of officially recorded cases PCR tests on vaccinated and unvaccinated people are evaluated using the same criteria; the CDC didn't change criteria for detecting infection in vaccinated people, as alleged in OffGuardian article",false,0.8929826
6631, Can you take too much Vitamin D? ,true,0.89295965
5628," The FDA study looked at vaccines that are made from living cells [...] oftentimes contaminated with hidden viral fragments which have the potential to cause cancer. No, an ""FDA study"" did not find that vaccines contain cancer-causing viruses",false,0.89287615
8095," Scientists at Sloan Kettering discover mRNA inactivates tumor-suppressing proteins, meaning it can promote cancer” Messenger RNA is essential for life and a normal component of cells; study by researchers at Memorial Sloan Kettering is unrelated to RNA vaccines",false,0.89242566
7855, Merck Scraps COVID Vaccines; Says It’s More Effective To Get The Virus And Recover” COVID-19 vaccines currently in use stimulate immunity to the same degree as natural infection without exposing the vaccinated person to the risks associated with the disease,false,0.8923232
9418, Luciferase is in the COVID-19 vaccines to tag and track people There is no evidence that luciferase is an ingredient in the COVID-19 vaccines,false,0.89215213
8266," Pentagon develops microchip that detects COVID under your skin”; Pentagon microchip can track your location DARPA developed a hydrogel sensor which monitors blood for infections at early stages, not a microchip for COVID-19 identification or location tracker",false,0.89186764
5391,Miracle Mineral Supplement (Miracle Mineral Supplement|MMS|Master Mineral Solution|CD protocol|magical mineral supplement|miracle mineral solution) treat cancer ,false,0.891415
5364,Gotu kola (Gotu kola|Brahma-Buti|Brahma-Manduki|Centellase|Hydrocotyle|Indian Pennywort|Indian Water Navelwort|centella asiatica|White Rot) treat cancer ,false,0.89134735
5442, Does menopause impact sleep? ,true,0.8912652
7553," CONFIRMED - aborted male fetus in [COVID-19] vaccine” Although fetal cell lines are used to grow viruses for some COVID-19 vaccines, the cells are not part of the vaccines",false,0.89107674
5200, Are children getting less sleep than previous generations? ,true,0.8910287
5343,Coral calcium (coral calcium|salt of calcium) treat cancer ,false,0.89078575
461, Does taking baby aspirin daily have health benefits for healthy people? ,false,0.8906751
9043," Mucus is the cause of all diseases;” “Soursop [is] 10,000 times more effective than chemotherapy for cancer”. Excess mucus is a common symptom rather than cause of disease; soursop is not a cancer treatment",false,0.8906239
5362,"Goldenseal , Hydrastis canadensis (Goldenseal|Hydrastis canadensis|orangeroot|yellow puccoon) treat cancer ",false,0.8904819
7783, 13 Israelis suffer FACIAL PARALYSIS after taking Pfizer Covid jab” People who received the COVID-19 vaccine aren't more likely to develop facial paralysis than people who didn't receive the vaccine,false,0.89044565
9382, The Vaccine Surveillance Reports published by the U.K. government suggest that fully vaccinated people are developing AIDS Article by The Exposé failed to account for caveats listed in UK vaccine surveillance reports; falsely claims fully vaccinated people have weakened immunity,false,0.8904346
5935, Does Vitamin C boost immune function? ,true,0.89040875
6954, Masks do nothing to prevent the spread of pathogens Scientific evidence supports the use of face masks for reducing the transmission of respiratory diseases including COVID-19,false,0.890388
6573, 5G plays a part in this ‘plandemic’” ... The cases of COVID-19 are “directly related to electromagnetic radiation exposure by 5G” The spread of COVID-19 is not related in any way to the deployment of 5G,false,0.8903489
8197, Can you prevent headaches? ,true,0.8901494
5516, The Impossible Whopper has 44 mg of estrogen and the whopper has 2.5 ng of estrogen Impossible Whopper contains no estrogen; will not lead to men growing breasts if eaten in moderation,false,0.89000916
5336,"Chelation therapy, Cytokine therapy, Klehr's autologous tumor therapy, immunotherapy (Chelation therapy therapy|Cytokine therapy therapy|Klehr therapy) treat cancer ",false,0.8899104
1981, Can diet make acne worse? ,true,0.8898543
5305,Neuroimmunomodulation Therapy (Neuroimmunomodulation|Neuroimmunology|neuroimmunologies|Neuroimmunologist|neuroscience immunology|neurobiology immunology) treat cancer ,false,0.88972497
6542, Hydroxychloroquine […] was shown […] by doctors worldwide to be the most efficient treatment for the coronavirus. Computing Forever interview with Dolores Cahill contains numerous inaccuracies about COVID-19 and vaccines,false,0.88965917
5145, the autoimmune diseases and menstrual cycle problems and fertility problems [...] and all of the other things that we’ve now seen are associated with the [HPV] vaccine Studies worldwide demonstrate HPV vaccine safety and no association with serious autoimmune and neurological diseases or problems during pregnancy,false,0.889546
5392,Mistletoe (Mistletoe|Iscador) treat cancer ,false,0.8895155
6609, Is anxiety healthy? ,true,0.88949805
8867, COVID-19 vaccines will make SARS-CoV-2 more dangerous due to a mechanism called antibody-dependent enhancement (ADE COVID-19 vaccines effectively prevent severe disease; haven't shown signs of antibody-dependent enhancement as claimed by Robert Malone,false,0.88922256
7651, Are stem cell therapies safe? ,true,0.8889787
6969," You don’t need masks, there is a cure [for COVID-19] ... It is called hydroxychloroquine, zinc, and Zithromax” Still no evidence that hydroxychloroquine can cure or prevent COVID-19",false,0.88895774
4549, We have an ageing population. An ageing population and A&E,true,0.88895404
4572, Do probiotics permanently colonise the gut? ,false,0.8889422
9745, Worldwide Data suggests Fully Vaccinated [people] are developing Acquired Immunodeficiency Syndrome” The COVID-19 vaccines protect people from severe COVID-19 and don't weaken the immune system,false,0.8888849
5414,"Saw palmetto , Serenoa repens (Saw palmetto|Serenoa repens|Serenoa|serrulata|American Dwarf Palm Tree|Cabbage Palm|Chou Palmiste|Ju-Zhong|Palma Enana Americana|Sabal|Saw Palmetto Berry|Serenoa repens|Serenoa serrulata) treat cancer ",false,0.8888494
8898, Do urban forests improve health? ,true,0.8888475
5191, Can diet impact sleep? ,true,0.88867486
2969, Can mindfulness meditation reduce pain? ,true,0.88865757
8768, You are more likely to die from the Delta variant if you have been vaccinated” Vaccinated people are less likely to die from the Delta variant of SARS-CoV-2 compared to unvaccinated people; viral claim misinterpreted PHE report,false,0.8886119
8765, Delta variant kills more vaccinated people than unvaccinated people Vaccinated people are less likely to die from the Delta variant of SARS-CoV-2 compared to unvaccinated people; viral claim misinterpreted PHE report,false,0.888584
399, vaccines cause autism How we know vaccines don’t cause autism – and why this belief persists,false,0.8884868
9069," Mucus is the cause of all diseases”; “Soursop [is] 10,000 times more effective than chemotherapy for cancer” Excess mucus is a common symptom rather than cause of disease; soursop is not a cancer treatment",false,0.8882526
8817," The non-vaccinated don’t get tested, so the increase in COVID-19 cases is made up or due to the vaccinated In the US new COVID-19 cases are concentrated in areas with low vaccination rates",false,0.8882493
5292," The flu shot is made with cancer-causing ingredients The flu shot is safe and does not cause cancer, contrary to popular claim by chiropractor",false,0.88823307
7121, Birthmarks are indicators of the MTHFR gene; “When people have MTHFR their chances of vaccine reactions increase because they cannot detox the toxins from the vaccines” A person's response to vaccination is not associated with birthmarks or the presence of mutations in a gene involved with vitamin B9 production,false,0.8881891
8077, The Johnson & Johnson vaccine has aborted fetal tissue from aborted babies from the retina as well as from kidney cells” No aborted fetal tissue or cells in the Johnson & Johnson COVID-19 vaccine,false,0.8880727
460, Is obesity a disease? ,true,0.8878028
432," Marijuana is non-addictive, cures cancer, and grows brain cells Marijuana has significant health risks, contrary to claims by Internet meme",false,0.88757443
8211, Does lack of sleep trigger headaches? ,true,0.8875691
7674," The COVID-19 pandemic is not a real medical pandemic”; “The COVID-19 vaccine is not proven safe or effective” COVID-19 vaccine candidates show high efficacy and a safe profile in clinical trials, contrary to claims in viral video",false,0.88755476
5411,Reiki reiki treat cancer ,false,0.8873536
407, a [group] of people is injecting fruits with blood containing HIV and AIDS Internet meme inaccurately claims that fruit is injected with HIV-contaminated blood,false,0.88725114
5427,Walnuts (walnut|walnuts|Juglans regia|akhrot|wall nut) treat cancer ,false,0.88722324
5346,Di Bella Therapy (Di Bella multitherapy|Di Bella regimen|Di Bella therapy|Di Bella tetralogy|Di Bella treatment|DBM multitherapy|DBM regimen|DBM therapy|DBM tetralogy|DBM treatment) treat cancer ,false,0.88716793
7115, WHO coronavirus PCR test primer sequence is found in all human DNA”; “this means that the WHO test kits should find a positive result in all humans” Human DNA alone does not produce a positive result on the RT-PCR test for SARS-CoV-2,false,0.8871376
1853, Does taking low dose aspirin help prevent colorectal cancer? ,true,0.8870311
7652, Is the hype around stem cells warranted? ,true,0.88698125
8543," It’s not a corona pandemic but it’s a planned, staged PCR test pandemic PCR tests are reliable to detect and monitor COVID-19 infections, which are real and had caused millions of deaths worldwide",false,0.8867971
1852, Does cannabis help relieve pain? ,true,0.88666207
8217, COVID-19 vaccines are experimental and don’t prevent infection or transmission; most of us have a 0.05% chance of dying from COVID-19 Clinical trials and post-trial monitoring show that COVID-19 vaccines reduce the spread and occurrence of the disease,false,0.8866379
7473, Does meditation trigger changes in the brain? ,true,0.8865478
6051, Are Vitamin C supplements necessary for maintaining good health? ,false,0.88645834
5982," there are no studies that prove vaccines don’t cause autism Contrary to viral Facebook claim, numerous studies show vaccines don’t cause autism",false,0.8862491
5406,Poly-MVA (Lipoic Acid Mineral Complex|Poly-MVA|poly mva|minerals vitamins amino acids|vitalzym|curcumin|ahcc|essiac) treat cancer ,false,0.8860281
7611, COVID-19 vaccines will cause more severe disease through antibody-dependent enhancement No evidence that COVID-19 vaccines cause more severe disease; antibody-dependent enhancement has not been observed in clinical trials,false,0.8860022
1869, Do Omega-3 fatty acids decrease triglycerides? ,true,0.8859372
5649," coronavirus is not a new virus The 2019 coronavirus outbreak is caused by a novel virus, past mentions of coronaviruses refer to different strains",false,0.88576883
5958, Will COVID-19 become endemic? ,true,0.8857521
8925," Natural immunity is far superior to COVID-19 vaccines COVID-19 vaccines are a much safer way of acquiring immunity than infection, which requires exposing the person to risks from the disease",false,0.8855838
5339,"Clark's ""Cure for All Cancers"" (cure for all cancers|Hulda Clark|Syncrometer|bioresonance|zapper) treat cancer ",false,0.8854315
8823," Ethylene oxide in nasal swabs used for COVID-19 testing is harmful Ethylene oxide is used for sterilizing medical equipment, including nasal swabs, but it's removed before use",false,0.8854127
4605, Can ecstasy cause hyperthermia? ,true,0.8851831
9614," a “game-changing study” showed that “COVID vaccines [were] more dangerous than the virus itself”; “children aged 12 to 17 are more likely to be hospitalized for myocarditis than for COVID.” Contrary to Peter McCullough's claim, getting vaccinated is safer than getting COVID-19, in spite of rare cases of myocarditis",false,0.8851746
9091, Do post-exercise ice baths improve performance? ,false,0.8851349
8949," the CDC now admits that being ‘fully vaccinated’ does not actually fight the ‘delta variant,’ but instead contributes to more infections” Compared to unvaccinated people, vaccinated individuals are more protected against the Delta variant",false,0.8849219
8321," Cucumber kills lung cancer cells”; “cucurbitacin B suppressed growth of human lung cancer cells by 90%, reduced their ability to invade surrounding tissues by 75% and reduced migration ability by 88%” There is no evidence that eating cucumbers reduces the risk of cancer; cucumbers contain cucurbitacin B, which could be a candidate for developing new anti-cancer drugs",false,0.8847864
5425,Venus flytrap (Venus flytrap|Venus'flytrap|Venus's-flytrap|Dionaea muscipula|Dionea|Drosera|carnivorous plant|fly catcher plant|fly trap|sarracenia|insectivos ous plant) treat cancer ,false,0.884753
7732," The AMA “reversed course”, now “giving the green light to doctors prescribing HCQ to their COVID patients.” The American Medical Association does not reject nor support hydroxychloroquine as a treatment for COVID-19, nor did it change its position on the use matter",false,0.88449603
5404,Oxygen therapy (oxygen therapy|hyperbaric|hbot|O2 therapy|supplemental oxygen|enriched air|bariatric chamber|oxygen care|medical oxygen|oxygen tank|oxygen cylinder|oxygen machine|oxygen treatment|home oxygen) treat cancer ,false,0.88431513
8782, TfL is part of a pilot whereby staff required to self-isolate can instead take daily Covid-19 tests at work. TfL is part of self-isolation pilot scheme - Full Fact,true,0.8842739
8796, Both vaccinated and unvaccinated people have over 99% chance of surviving COVID-19 Unvaccinated people are more likely to die of COVID-19 because they are more vulnerable to infection and severe disease,false,0.88417816
8917, Can 'power poses' boost self-confidence? ,false,0.88406575
7138, Are Vitamin D supplements necessary for maintaining good health? ,true,0.88386095
5315,Alkaline diet (alkaline food|alkaline diet|alkalizing food|alkalizing diet|non acidic food|non acidic diet|non-acidic food|non-acidic diet|ph food|ph diet) treat cancer ,false,0.88374436
8209, Does acupuncture work for headaches? ,true,0.88373697
9195, The California study finds that vaccinated individuals are more susceptible to COVID variant infections than unvaccinated” Study by UCSF researchers found that vaccinated people made up the minority of infections and that vaccination protects against hospitalization and death,false,0.88357055
7650, Are any stem cell therapies effective? ,true,0.8835404
5421,Superfood superfood treat cancer ,false,0.8834276
6914, Ever wonder why they have to stick a Q-tip through your nose to the back of your head to swab a sample of covid but a droplet of saliva will infect a whole village at one time” Primary COVID-19 transmission is by close contact with infected people; nasopharyngeal swab-based testing provides the highest diagnostic accuracy,false,0.88331336
6578, Wearing a face mask caused a 19-year-old grocery store worker to be hospitalized for an lung infection Facebook posts spread unsupported anonymous claim that face mask use caused a lung infection in a healthy teenager,false,0.88318855
9549," antibodies that people produce against the coronavirus spike protein may lead to myocarditis” Unsupported claim about COVID-19 vaccines, anti-spike antibodies, and myocarditis misrepresented conclusions from a New England Journal of Medicine article",false,0.8831367
6363, smoking may protect against COVID-19 Little to no evidence that smoking protects against COVID-19; may increase risk of complications instead,false,0.8829574
437," Each of these ingredients [thimerosal, ovalbumin, formaldehyde, sodium deoxycholate] is a known neurotoxin Claim that ingredients in flu vaccine are known neurotoxins found to be incorrect",false,0.88295335
7703, Are the COVID-19 vaccines safe? ,true,0.8827373
6285," There are no reliable tests for a specific COVID-19 virus PCR tests for COVID-19 are specific for the novel coronavirus SARS-CoV-2 and do not detect other coronaviruses, contrary to claims in viral article and video",false,0.8826782
7071, Chance of NOT dying from Covid-19: 99.96%” Current COVID-19 mortality rate does not predict the future probability of dying from the disease,false,0.88266903
5416,Shark cartilage (Shark cartilage|AE-941|Marine Collagen|Marine Liquid Cartilage|MSI-1256F|Neovastat|Sphyrna lewini|Squalus acanthias) treat cancer ,false,0.88264704
9479," Previously infected individuals who get reinfected don’t transmit the virus to others; previous infection provides “better protection” than vaccination and this immunity “does not wane” Claim that previously infected people don't transmit COVID-19 is unsupported, originates from misinterpretation of CDC's FOIA response",false,0.8826081
7736," only 6% of COVID-19 deaths were caused by COVID-19 alone”; only 0.056% of the U.S. population has died from COVID-19 PragerU video contains misleading claims about COVID-19 deaths, falsely claims 94% of COVID-19 deaths had pre-existing conditions",false,0.88255864
9351," Study: Vaccines Being Administered Incorrectly”; “Now we find out they're administering the [COVID-19] jabs incorrectly” Incorrect vaccine administration is a potential cause of post-vaccine adverse effects, but more research is still needed to confirm or reject this hypothesis",false,0.8825413
7372, Are there ways to protect telomeres with age? ,true,0.88254017
9383, It “took 15 years to uncover” Chantix’s carcinogenic effects; there are reasons for being “skeptical of something that hasn’t even been established/approved for a full 12 months” No evidence suggests that Pfizer's smoking cessation medication Chantix increases the risk of cancer; recall of this product is irrelevant to the safety of COVID-19 vaccines,false,0.88252735
6284," Vitamins C and D are now finally being adopted in the conventional treatment of SARS-CoV-2; Vitamin C at extremely high doses acts as an antiviral drug, actually killing viruses; vitamin D helps the body fight SARS-CoV-2 infection and can cut infection risk. Some evidence suggests that vitamin C and D supplementation might prevent or treat respiratory infections, but their effectiveness is still being tested with COVID-19",mostly-true,0.88226646
6031, Research shows burning Sage cleans bacteria in the air Claim that burning sage purifies the air based on study that burned entirely different plants,false,0.88221467
5479," You took Truvada to help protect against HIV, not increase your risk of kidney or bone problems. HIV drug Truvada linked to kidney damage and bone density loss, but risks are low and usually outweighed by the drug’s benefits",false,0.88219386
5410,"Red clover , Trifolium pratense (Red clover|Trifolium pratense|Beebread|Clovone|Cow Clover|Daidzein|Genistein|Isoflavone|Meadow Clover|Phytoestrogen|Purple Clover|Trebol Rojo|Trefoil|Trifolium|Trifolium pratense|Wild Clover|clover tea|clover flower) treat cancer ",false,0.8821138
799, Do probiotics help with Irritable Bowel Syndrome? ,true,0.88200676
370," The effectiveness of homeopathy is confirmed daily Despite claims of curative effects, homeopathy has been shown to lack clinical efficacy and plausibility",false,0.8819516
6541," SARS virus circulated [since] 2003 and essentially every three or four years since, so that people are immune—so that everybody practically in the world is immune. Computing Forever interview with Dolores Cahill contains numerous inaccuracies about COVID-19 and vaccines",false,0.8816458
7653, Can stem cells be grown into organs in the lab that we can transplant into humans? ,true,0.8816305
7643," Did vaccines get rid of polio? The answer is NO!” Polio vaccine plays a critical role in eradicating polio; polio is caused by a virus, not by DDT",false,0.88159823
8007, It’s been a year & there is still no evidence masks or lockdowns slow the spread of #COVID19” Scientific evidence demonstrates that wearing face masks and implementing lockdowns reduce the spread of COVID-19,false,0.8814851
8492, Does the ability to learn decrease with age? ,true,0.88148266
810, 412 Michigan Muslims Arrested In Fed's 'LARGEST BUST IN U.S. HISTORY Old Spin on Health Care Fraud Bust Returns,false,0.88136023
6423, the NIH researched chloroquine and concluded that it was effective at stopping the SARS coronavirus in its tracks Blog posts inaccurately claim that a 2005 NIH study demonstrated the effectiveness of chloroquine treatment against coronavirus infection such as COVID-19,false,0.8812076
5309,Ganoderma lucidum (Reishi mushroom) (Ganoderma|lucidum|reishi|lingzhi|ling chih|ling chi) treat cancer ,false,0.88099277
8413, COVID-19 vaccines contain metals or microchips that cause magnets to attach to the arm of vaccinated people COVID-19 vaccines don't contain magnetic ingredients; dose volume is too small to contain any device able to hold a magnet through the skin,false,0.8809538
4794," the act of fasting for as little as three days can regenerate the entire immune system Claim that fasting regenerates the human immune system is unsupported, only based on study in mice",false,0.88091093
8091, Ivermectin reduces the risk of death from COVID-19 Ivermectin isn't a highly effective drug for treating COVID-19,false,0.88064885
467, Is there a proven link between poor sleep and dementia / alzheimers? ,true,0.88062227
5407,Qigong (Qigong|qi gong|chi kung|chi gung|tai chi|gi gong|taiji|taijiquan|taichi|gigong|qigong|ci gong) treat cancer ,false,0.88062084
4391," One in four doctors and one in six nurses is an immigrant. NHS video, factchecked",true,0.8805899
205, We’re having tremendous plans coming out now - health care plans - at a fraction of the cost that are much better than Obamacare.” Trump on Health Insurance Costs,false,0.8805727
5593, Are there ways to lower your risk of getting coronavirus? ,true,0.8805649
4592, Is vitamin C useful for type-2 diabetes? ,true,0.8804395
6289, Coronavirus pandemic would likely not be nearly as bad if 5G exposure/radiation pollution wasn’t already compromising the structure and function of hemoglobin cells. Conspiracy theorists claim that 5G increases vulnerability to COVID-19 with baseless theory that it affects hemoglobin,false,0.880194
5077, Is intermittent fasting safe? ,true,0.87993664
948, Claimed the CBO analysis of the GOP health plan is “basically saying” that 24 million fewer Americans “through their own free choice” will decide not to buy insurance. Republican Health Care Spin,false,0.8798052
8147, Not one [COVID-19] vaccine is FDA approved. [...] They are all experimental.” COVID-19 vaccines received Emergency Use Authorization from the FDA after clinical trials demonstrated that they are safe and effective; COVID-19 vaccines aren't experimenta,false,0.87972206
7741, asymptomatic spread of COVID-19 never occurs Asymptomatic and presymptomatic people can spread COVID-19,false,0.8795918
8100," COVID-19 mass vaccination will select for more virulent variants of the virus that causes COVID-19, which will escape vaccine-induced immunity and cause more severe disease COVID-19 vaccines are critical for controlling the pandemic; vaccines still offer partial protection against new variants of the virus",false,0.8794997
9436, COVID-19 vaccines contain graphene and living organisms made of aluminum There is no evidence that COVID-19 vaccines contain graphene or parasites,false,0.8793838
9422," The Pfizer-BioNTech COVID-19 vaccine for children contains tromethamine, “a heart attack medication” with “a lot of potentially serious side effects” Tromethamine in the Pfizer-BioNTech COVID-19 vaccine for children acts to improve the stability of the vaccine; it isn't in the vaccine as a heart medication",false,0.8793339
6288," Aluminum in vaccines causes neurological damage and autism Vaccines do not cause neurological damage, aluminum levels in vaccines are safe",false,0.87924206
8763," look at the [vaccination] schedule, we have gotten sicker and sicker”; “the biggest jump in shots came after the 1986 vaccine protection act” The current U.S. generation is healthier than previous ones partly because vaccines reduced infectious diseases; childhood immunization schedules are safe, contrary to chiropractor’s claims",false,0.8790831
6290," Boil weed and ginger for Covid-19 victims, the virus will vanish No, marijuana and ginger have not been shown to cure COVID-19",false,0.879068
5350,"Electro Physiological Feedback Xrroid, Quantum Xrroid device (Electro Physiological Feedback Xrroid|Quantum Xrroid device|EPFX|Quantum Xrroid Consciousness Interface|QXCI|quantum biofeedback) treat cancer ",false,0.8790666
5643," Coronavirus hits 15% fatality rate ""15% fatality rate"" from coronavirus (2019-nCoV) infection was based only on initial cases; actual rate closer to 3%",false,0.8790551
7037, Would you take a vaccine with a 33% death rate to feel safe from a virus with a .06% death rate?” Vaccines undergo strict safety testing before they are licensed for use in the US and many other countries; no validity to the claim of a 33% “death rate” from COVID-19 vaccine,false,0.8789967
8143, Is it safe to drink coffee while pregnant? ,true,0.878944
5042," The World Health Organization is still pushing this [vaccine] depopulation agenda throughout Africa In spite of evidence to the contrary, Rizza Islam claims that the MMR vaccine is used for depopulation",false,0.878889
449, Is alzheimers genetic? <p><br></p>,true,0.87865776
7538," Dr. Anthony Fauci appeared to acknowledge that large numbers of positive COVID-19 cases may arise from oversensitive tests that pick up mere fragments of the virus rather than active, viable infections. If true, many patients may have been receiving false-positive test results” Claim that high PCR test sensitivity inflates COVID-19 cases wrongly conflates the issue of contagiousness with the presence of infection",false,0.8786401
3648," The Conservatives have scrapped the nursing bursary. NHS video, factchecked",true,0.8786086
6457, Wearing face masks can cause carbon dioxide toxicity; can weaken immune system Wearing face masks does not cause hypercapnia or affect the immune system,false,0.8785467
9546," In Germany, a fence separates vaccinated and unvaccinated people. The biggest symptom of COVID is insanity” No, a fence in a shopping mall wasn't used to segregate vaccinated and unvaccinated people; photo was taken in Romania, not Germany",false,0.8785269
8163, COVID-19 vaccines are dangerous; they cause an overreaction of the immune system; they suppress the NK cells of the immune system; they promote virus lethality COVID-19 vaccines don't hamper the function of the immune system and are likely to limit the generation of variants; no evidence that they produce more lethal variants,false,0.8783708
379," HPV vaccine may lead to elimination of cervical cancer HPV vaccine does reduce viral transmission, helping with eventual cervical cancer elimination",true,0.87825125
6815, Gas sensors show that wearing a face mask leads to oxygen deficiency and carbon dioxide toxicity Videos use gas sensors to misleadingly claim that wearing a face mask causes oxygen deficiency,false,0.8782089
4809," ginger is 10,000x more effective at killing cancer than chemo Claim that ginger is more effective than chemotherapy for cancer treatment is unsupported",false,0.87793493
6644," Vaccinated children are more likely to have adverse health outcomes like developmental delays, asthma, and ear infections compared to unvaccinated children. Significant methodological flaws in a 2020 study claiming to show unvaccinated children are healthier",false,0.87787426
6626," Vaccinated children are more likely to have adverse health outcomes like developmental delays, asthma, and ear infections compared to unvaccinated children. Significant methodological flaws in a 2020 study claiming to show unvaccinated children are healthier",false,0.87787426
436, Marijuana could be making teens less intelligent News article accurately reports negative impact of marijuana on teens’ intellectual development,true,0.8776829
7202, The U.S. CDC encourages the use of a “[COVID-19] flu shot” on children. No vaccine contains strains of both the flu and the virus that causes COVID-19; COVID-19 is not the flu,false,0.8776591
2872, Is it safe to microwave food in plastic containers? ,false,0.8775966
7205, Why don’t we wear masks for [tuberculosis]? Because CNN hasn’t instructed you to.” Comparisons of tuberculosis and flu with COVID-19 omit important context that explains the different public health responses,false,0.8775576
8106," You don’t catch viruses, you naturally create them inside of your body”; “bacteria and viruses don’t cause disease.” Both viruses and bacteria cause disease; pathogenic viruses aren't naturally created in the body as a response to damage",false,0.8775299
5066," All these diseases [...] use [sic] to be rare. Autism use [sic] to be 1 in 10,000. Now it’s 1 in 50. Now, where is it all coming from? Vaccines are doing it. Vaccines do not cause autism, diabetes or cancer, contrary to Shiv Chopra’s claim",false,0.87744313
9488, more children will die from the vaccine than will die from COVID in the first place and there’s proof” Claim that the COVID-19 vaccine is riskier than the disease for children is based on an economist's incorrect calculation of the metric “number needed to vaccinate”,false,0.87735355
7719, They have been reducing the standards so they can pass the vaccine no matter what”; “It does not prevent transmission” COVID-19 vaccine candidates are generally safe and effective at preventing disease; ongoing studies investigate whether the vaccine can also reduce transmission,false,0.87727576
443, Unvaccinated children pose no threat to anyone Choosing not to vaccinate places self and others at risk of potentially serious and preventable illnesses,false,0.87716556
5405,Pau d'arco (Pau D’arco|paudarco|par d arco|glucosamine|chlorella|saw palmetto|Tabebuia avellanedae|Handroanthus impetiginosus|pinkipê|lapacho|pink trumpet|Bignonia heptaphylla|Ipe|Ipes|Lébène|Quebracho|Tabebuia avellanedae|Tabebuia heptaphylla|Tabebuia palmeri|Tabebuia impetiginosa|Taheebo|Tecoma impetiginosa|Trumpet Bush) treat cancer ,false,0.8771488
7764," The COVID-19 RNA vaccine “is not a vaccine”; a vaccine has to disrupt transmission by CDC and FDA standards; the vaccine “activate[s] the cell to become a pathogen-manufacturing site” Vaccines protect people from diseases, but don't always prevent disease transmission; research ongoing to determine if COVID-19 vaccines stop transmission",false,0.87713826
9696," Zinc supplements can protect against COVID-19; Zinc “kills the virus” and zinc ionophores are a “a zinc delivery system” that “allows zinc to go from outside the cell to inside the cell” There is no evidence that dietary supplements containing zinc and a zinc ionophore, such as the one promoted by Vladimir Zelenko, are effective against COVID-19",false,0.8771002
9371, there’s no need for previously infected people to get vaccinated; vaccination offers no additional benefit Infection-induced immunity versus vaccine-induced immunity: Weighing the benefits and risks,false,0.8770218
6477," Autism is nothing more than mercury toxicity Vaccines do not cause mercury toxicity or autism, contrary to claim in London Real video",false,0.87696034
5609, The CDC found a 236% increased risk of autism in African-American boys associated with the MMR vaccine No increased risk of autism observed in African-American boys associated with MMR vaccine; claim based on erroneous study retracted in 2014,false,0.8769485
9616," COVID-19 vaccine spike proteins accumulate in the nucleus of cells, “destroy DNA repair pathways, paving the way for CANCER” and “destroy the immune system” Natural News, others jump to conclusions unsupported by the study they cite to claim COVID-19 vaccines destroy the immune system and cause cancer",false,0.87692654
9058," Germany suspended COVID-19 vaccinations Germany hasn't stopped COVID-19 vaccination, contrary to claims made about a simulation game event called “BasisCamp”",false,0.8768284
7564, Pro-mask study withdrawn after virus spread in counties analyzed by researchers”; “masks don’t work” Article claiming that “masks don't work” misleads readers by inaccurately interpreting a withdrawn study and a published study conducted on US Marine Corps recruits,false,0.8767531
5351,"Electrohomeopathy , Mattei cancer cure (Electrohomeopathy|Electro homeopathy|Mattei cure|electropathy) treat cancer ",false,0.8767184
7145, Is Vitamin D important for bone health? ,true,0.87669545
5273," Dems Vote To Enhance Med Care for Illegals Now, Vote Down Vets Waiting 10 Years for Same Service.” A Misleading Take on Immigrant, Veterans Health Care",false,0.8765968
8220," look at the [vaccination] schedule, we have gotten sicker and sicker”; “the biggest jump in shots came after the 1986 vaccine protection act” The current US generation is healthier than previous ones partly because vaccines reduced infectious diseases; childhood immunization schedules are safe, contrary to chiropractor's claims",false,0.87654614
8950," Science debunks the use of face masks to stop viruses like COVID-19 Face masks can filter small airborne particles, including respiratory droplets, and are effective at reducing the spread of COVID-19",false,0.87654024
8002, Do the COVID-19 vaccines cause infertility? ,false,0.8764811
5409,Rauvolfia serpentina  (Rauvolfia|snakeroot|Rauwolfia serpentina|Ophioxylon album Gaertn|Ophioxylon obversum|Ophioxylon salutiferum|Ophioxylon serpentinum|Ophioxylon trifoliatum|Rauvolfia obversa|Rauvolfia trifoliata|sarpagandha|triphala) treat cancer ,false,0.87647736
8276, Both medical and non-medical face masks are ineffective to reduce transmission and infectivity of COVID-19”; “long-term consequences of wearing face masks on health are detrimental [including hypoxemia and hypercapnia]” Using face masks reduces the transmission of COVID-19 and doesn't lead to oxygen deficiency or carbon dioxide buildup in the blood,false,0.8764356
6799," Bill Gates explains that the COVID vaccine will use experimental technology and permanently alter your DNA” Contrary to popular claim on social media, RNA vaccines do not alter our DNA",false,0.8764304
5267, Is insomnia permanent? ,false,0.8764262
7740, The COVID-19 virus does not exist”; “The virus has never been isolated” The virus that causes COVID-19 exists and was identified and isolated multiple times by independent research groups,false,0.876376
390, Is a biopsy necessary for prostate cancer detection ? ,true,0.8763145
5764, The DTaP vaccine causes SIDS No causal association between the DTaP vaccine and sudden infant death syndrome (SIDS),false,0.8763002
7656, Is stem cell research ethical? ,true,0.87608325
7404," COVID-19 is a type of flu and is not a pandemic; PCR tests are up to 94% false positive; only 98 COVID-19 related deaths have been reported in Ireland. The group World Doctors Alliance spreads misinformation about the impact of the COVID-19 pandemic, the virus, and the reliability of diagnostic tests",false,0.8760409
4521, We have an expanding population. What’s driving our increasing population and household numbers?,true,0.87595284
469, Is metastasis the dominant reason people die from cancer? ,true,0.87583876
8017," The COVID-19 vaccines won’t let us stop mask-wearing, physical distancing and restaurants, pubs, and cinemas still remain closed, so why vaccinate? Yes, COVID-19 vaccines will help us safely resume normal activities like going to restaurants and meeting people, once enough people are vaccinated for herd immunity",false,0.87577796
6279," flu vaccine increases risk of coronavirus infection Claim that flu vaccine increases coronavirus infection is unsupported, misinterprets scientific studies",false,0.8755812
9683," Danish researchers [...] found protection against Omicron turned negative three months after the second dose” No, a study from Denmark didn't find that COVID-19 vaccines make people more prone to infection; biases in the study likely led to underestimated vaccine effectiveness",false,0.87555134
8226, Shark Tank judges backed “keto diet pill”; ketogenic-based supplements let you lose weight while sleeping Shark Tank judges didn't endorse a “keto diet pill”; many advertisements for keto diet supplements promoted by suspicious Facebook accounts,false,0.87554306
9128," For men, a positive pregnancy test equals testicular cancer Pregnancy tests don't provide a conclusive diagnosis for testicular cancer; not all testicular cancers produce the hormone detected by pregnancy tests",false,0.87536377
7263," COVID-19 mortality rates are very low, therefore COVID-19 is not an important public health concern; if you are 70+ years old, you have a 0.054% chance of dying from COVID-19 COVID-19 has caused many deaths due to high virus transmission, despite its relatively small infection fatality ratio",false,0.8753376
6133," Aluminum in vaccines causes neurological damage including autism Vaccines do not cause neurological damage, aluminum levels in vaccines are safe",false,0.8753285
9700," The COVID-19 vaccine contains bacteria and HIV, prevents body from making new white blood cells No, COVID-19 vaccines don't contain bacteria and HIV; the vaccines enhance the body's ability to respond to pathogens, not reduce it",false,0.87519276
4611, Do violent video games have negative effects on teenagers? ,false,0.87509996
8149," Heart attack “victims can help themselves by coughing repeatedly and very vigorously” Heart attack victims shouldn't use “cough CPR” on themselves, contrary to chain email dating back to 1999",false,0.87507653
5581," The coronavirus is] “new” yet it was lab-created and patented in 2015 Contrary to claims in viral social media posts, Wuhan coronavirus was not lab-created nor was it patented years before outbreak",false,0.87492007
430," If the tongue is 'crooked', if it goes to one side or the other that is also an indication of a stroke. Tongue deviation might help to detect a stroke when combined with other signs from BE-FAST acronym",true,0.87491196
6993, Health authorities like the World Health Organization and the U.S. Centers for Disease Control and Prevention discourage people from wearing face masks Health authorities encourage the general public to wear face masks to reduce COVID-19 transmission,false,0.8747021
8330," We found no COVID-19 in any of the 1,500 [COVID-19-positive] samples” but influenza A and B; “what we're dealing with is just another flu strain like every year. COVID 19 does not exist and is fictitious” Scientific evidence demonstrates that COVID-19 and the virus that causes it exist and are different from the flu",false,0.8746267
9517, Forbes article is evidence that COVID-19 vaccines change our DNA Inaccurate clickbait headline in Forbes article used to promote the false claim that COVID-19 vaccines change our DNA,false,0.87443095
5508," Swabbing nostrils with triple antibiotic cream or gel will prevent the flu Triple antibiotic cream or gel cannot prevent the flu, may also worsen antibiotic resistance due to indiscriminate use",false,0.8743351
25," Childhood chronic illnesses have risen from “something like 12%” before 1986's vaccine protection law to ""54% now. Williamson Misleads on Children's Health, Vaccines",false,0.8742861
8452, COVID-19 vaccines caused as many deaths as the disease in young people COVID-19 vaccines are safer than the risk of COVID-19 infection for people of all ages,false,0.87419486
9347, Ivermectin played a role on the steep decline of COVID-19 cases in Indonesia No evidence that the fall in COVID-19 cases in Indonesia is linked to the use of ivermectin,false,0.8740193
6562," There is no need for social distancing because we have a treatment for COVID-19 To date, no therapy has been proven effective for preventing or treating COVID-19, contrary to claim by Dolores Cahill",false,0.87395275
7655, Are some diseases better suited for stem cell therapy? ,true,0.87366194
7609," Public health measures aimed at reducing the spread of COVID-19 including face masks, vaccines, and frequent handwashing “suppress our immune systems” Face masks, handwashing, and vaccination do not weaken the immune system, and are effective measures to reduce the spread of infectious diseases",false,0.8736556
7212, G]enetic evidence within the Spike gene of SARS-Cov-2 genome […] does exist and suggest that the SARS-CoV-2 genome should be a product of genetic manipulation”; “The characteristics and pathogenic effects of SARS-CoV-2 are unprecedented” The virus causing COVID-19 most likely evolved in natural wildlife populations before spreading to humans,false,0.8735235
7919, There is no reason to get COVID-19 vaccines because vaccinated people can still get sick and are still required to wear masks COVID-19 vaccines protect individuals from developing the disease and are necessary tools to end the pandemic along with physical distancing measures,false,0.8734945
8314, COVID-19 vaccines cause menstrual problems in women; vaccinated people are causing health problems in unvaccinated people around them Insufficient evidence to claim COVID-19 vaccines cause menstrual irregularities in vaccinated women; vaccinated people aren't making unvaccinated people ill,false,0.8734102
5887," evidence points to SARS-CoV-2 research being carried out at the Wuhan Institute of Virology Scientific evidence indicates virus that causes COVID-19 infection is of natural origin, not the result of human engineering",false,0.87323093
418, side effects of the [HPV] vaccine outweigh the positives Widespread claim that HPV vaccine side effects outweigh its benefits misrepresents the scientist it relies on,false,0.8731217
1913, Does alcohol negatively affect brain development in teenagers? ,true,0.8730573
7409, Hydrogels are part of the genome-modifying COVID-19 mRNA vaccines' delivery system; hydrogels will connect you to the internet COVID-19 vaccines do not modify the human genome and do not involve hydrogels; hydrogels are not internet-connecting devices,false,0.8729657
438," Drinking bottled water with an acidic pH is bad for your health Acidity in bottled drinking water not a cause for health concern, contrary to popular Facebook video claim",false,0.87294817
5413,"Rife Frequency Generator, radio waves (rife frequency generator|radio waves|rife machine|rife frequencies|rife therapy|rife generator|raymond rife|royal rife|rife technology|rife device|rife treatment|rife resonator|rife gb4000) treat cancer ",false,0.8728679
8505, 920 Women Lose Their Unborn Babies After Getting Vaccinated” COVID-19 vaccines don't show an increased risk of miscarriage or other safety concerns for pregnant people or their babies,false,0.8727845
6590," Wearing a face mask caused a 19-year-old grocery store worker to be hospitalized for a lung infection, due to breathing in her own carbon dioxide and bacteria. Facebook posts spread unsupported anonymous claim that face mask use caused a lung infection in a healthy teenager",false,0.8727385
8918, Do recurring dreams mean anything? ,true,0.872716
6283," Gargling with warm water and salt or vinegar eliminates the virus [SARS-CoV-2 Gargling salt water or vinegar may soothe a sore throat, but it will not eliminate COVID-19",false,0.87265766
7739," Simple cola produced a positive result in the COVID-19 rapid antigen tests, proving mass testing worthless COVID-19 antigen tests are highly accurate, but incorrect use on food items such as fruits or Coca-Cola can produce false positive results",false,0.87260264
8327, COVID-19 vaccines killed people; COVID-19 has a “99.97% survival rate” The benefits of getting the COVID-19 vaccine outweigh its risks; there is no increased mortality rate among vaccinated people relative to unvaccinated people,false,0.8725624
5150, Vitamin D is more effective than [the] flu vaccine Vitamin D has not been shown to be more effective than the flu vaccine at preventing flu,false,0.8725012
8716, These Spanish researchers have found that over 99 percent of the Pfizer vaccine is graphene oxide.” There is no conclusive evidence that the Pfizer-BioNTech COVID-19 vaccine contains graphene oxide,false,0.87246597
5583, Colloidal silver is effective for any infection Colloidal silver does not treat infections when taken orally and can cause side effects,false,0.87246597
5488," 4,250% increase in fetal deaths reported to VAERS after flu shot given to pregnant women The flu shot is safe for pregnant women, does not increase the risk of spontaneous abortion",false,0.87242955
8847, Doctor’s tweet about unvaccinated COVID-19 ICU patients is actually from a bot network Copypasta of an ICU doctor's tweet stokes COVID-19 skepticism by mimicking bot-like behavior,false,0.87241113
424," Federal study finds marijuana a hundred times less toxic than alcohol, safer than tobacco 2018’s most popular health article wrongly claims that marijuana is less harmful than alcohol",false,0.8722745
6320, The pH for the coronavirus varies from 5.5 to 8.5. What we need to do to defeat the coronavirus is to consume more alkaline foods above the virus’ pH level. Eating alkaline food cannot prevent or cure COVID-19,false,0.87220484
9643," COVID-19 shots are not vaccines” because they don’t “prevent one from becoming infected” Contrary to claim in Washington Times op-ed, COVID-19 shots meet the definition of a vaccine",false,0.8718311
8820," COVID-19 PCR test is inaccurate, will no longer be used; COVID-19 PCR test cannot differentiate between flu and COVID-19 EUA withdrawal for CDC COVID-19 PCR test is due to the development of newer tests that help save time and resources, not because the test is faulty",false,0.8716957
7142, World Bank website shows COVID-19 testing kits purchased by countries in 2017 and in 2018” COVID-19 test kits were not purchased in 2017 and 2018; claim is based on mislabeled data,false,0.8714797
8039," Now a Public Health England report confirms that infections increase during the fortnight after vaccination” COVID-19 vaccines start to provide protection within two weeks of the first dose, with no evidence they increase the risk of infection before then",false,0.8714642
9144, COVID-19 vaccines weaken the immune system; “Idaho doctor reports a ‘20 times increase’ of cancer in vaccinated patients” No scientific evidence for claim by pathologist Ryan Cole that COVID-19 vaccines weaken the immune system,false,0.87140185
7838, Aaron’s tragic death is part of a wave of suspicious deaths among elderly closely following administration of COVID vaccines.” Frequency of deaths in elderly individuals after COVID-19 vaccination wasn't higher than the frequency in those who weren't vaccinated,false,0.87128276
8481," COVID-19 vaccines caused over 4,000 deaths; COVID-19 survivors can’t get the virus and don’t need to be vaccinated; natural immunity trumps vaccine immunity; spike protein from the vaccines is dangerous Vaccines are a safer alternative for acquiring immunity compared to natural infection and COVID-19 survivors benefit from getting vaccinated, contrary to claims by Peter McCullough",false,0.8712756
6519," The unvaccinated Amish rarely get cancer, autism, or heart disease.” Claim that the Amish are healthier because they opt out of all vaccines is incorrect",false,0.8712678
8101," Jamaica has not recorded any cases of the coronavirus” Jamaica already recorded tens of thousands of COVID-19 cases as of March 2021, contrary to viral meme suggesting that smoking cannabis prevents infections",false,0.871267
6397," The coronavirus has been 'released' by China Evidence points to coronavirus SARS-CoV-2 being of natural origin, no evidence it could have been intentionally propagated",false,0.87114245
426, Previous claims that one or two drinks a day might protect against stroke are not true Genetic study shows moderate alcohol intake not protective but increases stroke risk,true,0.87113106
7257," Masks are dirty and cause bacterial overgrowth, skin infections, and “mask mouth, [which is] a new medical condition caused by wearing masks all day” Using face masks does not increase the risk of skin or oral infections",false,0.87109923
9097," Ivermectin sterilizes the majority (85%) of men that take it Male sterility isn't a proven side effect of ivermectin, contrary to claims by social media users",false,0.8710482
8958," Masks don’t work; prisoners were released instead of being given masks US prison releases complemented other strategies to limit the spread of COVID-19 in jails and prisons, including face masks",false,0.8709957
5817, Cancer is Candida/Fungus and can be cured Cancer cells are not fungi; the two are derived from completely different species,false,0.8709067
462, Does ADHD improve with age? ,true,0.87089217
1922, Is it true that most vitamins have no proven health benefits? ,true,0.8708554
5487, The black lung lie: It’s the widespread belief that smokers’ lungs turn black. Claim that not all smokers develop lung discoloration ignores severe health risks linked to smoking,false,0.87077206
371," Toxic vaccine ingredients in the MMR vaccine cause encephalopathy Contrary to popular video claim, vaccine ingredients are safe, not linked to encephalopathy",false,0.87070596
5159," human breast milk naturally contains the same cannabinoids found in the Cannabis plant Endocannabinoids in human breast milk are important for human development, but not present in cannabis",false,0.870675
5892, Pope Francis has tested positive for the novel coronavirus. Article Falsely Reports on Health of Pope Francis,false,0.87062216
8074," 25% of residents in German nursing home died after Pfizer vaccine”; a team including a soldier in uniform used force to vaccinate residents Six residents in a German nursing home died from COVID-19, not from vaccines",false,0.8705517
8528, The NIH funded research to “weaponize” bat coronaviruses to attack humans What is known about the claims that the Wuhan Institute of Virology conducted research to bioengineer bat coronaviruses?,false,0.8705415
427," We believe we will offer in a year’s time a complete cure for cancer. Jerusalem Post article makes premature claim on ""first complete cure for cancer"", overstates research significance",false,0.8705187
7819, WHO Admits High-Cycle PCR Tests Produce COVID False Positives”; the WHO’s new guidance includes lower PCR thresholds Most positive COVID-19 PCR test results are true positives; WHO information notice didn't change threshold or criteria for a positive COVID-19 test,false,0.87045836
4597, Do IQ scores change with age? ,true,0.87032616
7687," The flu is not a season! It is an inability to adapt due to decreased sun exposure and water intake, combined with increased sugar intake and stress.” The flu is caused by the influenza virus; stress and lack of vitamin D can make infection more likely, but don't cause the flu",false,0.8702685
9699," The shots were not studied in pregnant women”; “we have seen 50 times the rate of reporting [in VAERS] per month of miscarriages for this vaccine than the other vaccines put together.” COVID-19 vaccines aren't associated with a higher risk of pregnancy complication, contrary to claim by Daniel Horowitz",false,0.8701997
8030," 25% of residents in german nursing home died after Pfizer vaccine”; a team including a soldier in uniform used force to vaccinate residents Six residents in a German nursing home died from COVID-19, not from vaccines",false,0.87015945
9034, A COVID-19 booster means that the initial vaccination didn’t work Vaccine boosters help maintain protection provided by initial vaccination; boosters have been used for routine vaccinations like tetanus and polio for decades,false,0.86996627
6845," no one has died from the coronavirus” People have died from the coronavirus, contrary to article claiming to report pathologist's “revelations” on COVID-19",false,0.86994296
5245, Is lack of sleep linked to higher mortality? ,true,0.86976665
9032, A new report from '60 Minutes' includes an interview with a scientist from the Pentagon who says that there is now a COVID microchip. Health Sensors Misconstrued as Government Tracking 'Microchips',false,0.8696085
8176," Coronaviruses are all seasonal and go away on their own; ivermectin is effective for preventing and treating COVID-19; COVID-19 vaccines are “gene therapy”, don’t give immunity or prevent transmission Not all coronaviruses are seasonal, contrary to pathologist Ryan Cole's claim; COVID-19 vaccines are effective at preventing illness",false,0.86943823
8527, The MHRA now has more than enough evidence on the Yellow Card system to declare the COVID-19 vaccines unsafe for use in humans.” Yellow Card scheme for adverse events does not suggest any new side effects of COVID-19 vaccines,false,0.8692913
7780, Ivermectin “is a safe and widely available treatment for coronavirus”; it would “work like a vaccine” Strong evidence lacking to support claim that ivermectin is a cure for COVID-19; there are only limited clinical results at this stage,false,0.8688605
7778, Ivermectin “is a safe and widely available treatment for coronavirus” ; it would “work like a vaccine” Strong evidence lacking to support claim that ivermectin is a cure for COVID-19 ; there are only limited clinical results at this stage,false,0.8688605
7252, Hydrogels are part of the genome-modifying COVID-19 mRNA vaccines' delivery system. Hydrogels will connect you to the internet. COVID-19 vaccines do not modify the human genome and do not involve hydrogels; Hydrogels are not internet-connecting devices,false,0.8688238
7681, COVID-19 vaccine by Pfizer and BioNTech caused Bell’s palsy and deaths Cases of Bell's palsy and death observed during Pfizer/BioNTech vaccine clinical trials were within expected background range of general population,false,0.868604
7615," Johns Hopkins study mysteriously disappears after it revealed, in spite of COVID, no more deaths in 2020 than in prior years” CDC data shows higher number of deaths in 2020 compared to previous years; Johns Hopkins student article compared percentages, not raw numbers",false,0.8685931
1858," Should women get mammograms starting at age 40? <p><a href=""https://www.rd.com/health/conditions/should-mammograms-start-at-40/"" target=""_blank"">Here is the article source </a>to which I asked a question for cancer experts to share their insights. Thanks</p>",true,0.86851525
7350," Fabricated genetic sequences were used to support the hypothesis that the virus arose naturally No evidence that coronavirus genetic sequences were fabricated, contrary to preprint by Li-Meng Yan and colleagues",false,0.8683879
5429,Wild yam (Wild yam|Chinese yam|Dioscorea|Tamus|Ricophora|Tamnus|Oncus|Ubium|Oncorhiza|Testudinaria|Rhizemys|Botryosicyos|Helmia|Sismondaea|Epipetrum|Borderea|Elephantodon|Hamatris|Merione|Polynome|Strophis|Higinbothamia|Nanarepenta|Hyperocarpa) treat cancer ,false,0.8682636
9642," If you stop testing it all goes away and people just have colds like before” Testing in general reveals infections, it doesn't create them; COVID-19 isn't the same as the common cold",false,0.8680194
6828, There's a ‘spike’ in [COVID-19] cases because there's a spike in testing.” The June 2020 spike in US COVID-19 cases indicates a rising percentage of infections and is not simply an artifact of more testing,false,0.86801565
7176," Cloth masks cannot block smoke particles which are larger than viruses, so masks cannot stop virus transmission Cloth masks are effective at reducing virus transmission because it spreads in respiratory droplets, which are larger than smoke particles and the pores in fabric",false,0.8679708
8246," WHO data shows [that] ivermectin reduces COVID-19 mortality by 81%, but they won’t recommend it?” The World Health Organization doesn't recommend ivermectin as a COVID-19 treatment; the drug's safety and effectiveness remains uncertain in COVID-19 patients",false,0.86795026
1910, Can scientisits predict how quickly a person will go through the stages of Alzheimer's? <p><br></p>,true,0.8679111
6848," There is no need to use nasopharyngeal swabs for COVID-19 testing, mouth swabs can be used instead Nasopharyngeal swabs more effective than saliva samples for COVID-19 diagnostic testing according to current evidence",false,0.8678131
9179," There has been NO unusual excess mortality” related to COVID; “Lockdowns do not prevent the spread of disease”; “Masks don’t work”; “PCR tests were not designed to diagnose illness” Article by OffGuardian, ZeroHedge claiming to list 30 facts about COVID-19 contains multiple inaccurate and misleading statements",false,0.8675815
2056, Is there a correlation between grades and intelligence? <p><br></p>,true,0.8675452
7913, No one can possible know if the [COVID-19] vaccine is safe and effective because the trial is still underway; “Thousands of people who had the vaccine have died or been seriously injured by it” COVID-19 vaccines approved for emergency use prevent the disease and are generally safe based on rigorous clinical trials and ongoing monitoring,false,0.86751574
8988," Ivermectin is an effective COVID-19 treatment; COVID-19 PCR tests lead to false positives; COVID-19 vaccines aren’t working Video shared by Sebastian Gorka Facebook page shows nurse making false and unsubstantiated claims about ivermectin, COVID-19 PCR tests, and COVID-19 vaccine safety",false,0.86747074
6963, New oral spray “deactivates 98% of the coronavirus” in the mouth A trypsin-based oral spray reportedly deactivates SARS-CoV-2 in a liquid suspension but has not yet been tested in the mouth,false,0.86731505
9350," All the Amish know we got herd immunity”, “We all got the Covid, so why would you get a vaccine?” Vaccination enhances immunity in people who previously had COVID-19; little evidence for claim that the Amish community in Lancaster County, PA, have herd immunity",false,0.8672243
8207, Is there a psychological component to headaches? ,true,0.86720276
8721, The fatality rate of the Delta variant of COVID-19 is lower than the original variant There is no evidence that the Delta variant of SARS-CoV-2 has a lower fatality rate than the wild-type virus,false,0.867188
7512," Most of the victims of the Spanish flu didn’t die from the Spanish flu. They died from bacterial pneumonia. And the bacterial pneumonia was caused by [...] wearing masks” A 2008 study co-authored by Anthony Fauci did not find that masks caused bacterial pneumonia, contrary to viral social media claim",false,0.86711067
8280, Herpes infections may be a side effect of a COVID-19 vaccine” COVID-19 vaccines don't cause herpes infections; a possible association with the reactivation of herpes zoster in patients with rheumatic diseases remains unconfirmed,false,0.86704373
6746," OSHA says masks don't work and violate OSHA oxygen levels” OSHA recommends the use of cloth face coverings at the workplace, contrary to claim by Peggy Hall",false,0.8670211
8425, Coronavirus cases are plummeting in India thanks to new rules that promote Ivermectin and hydroxychloroquine”; it is a “now-indisputable fact that [ivermectin and hydroxychloroquine] essentially kill COVID-19 within hours or days” No data available to suggest a link between India's reduction of COVID-19 cases and the use of ivermectin,false,0.8669388
6286," The coronavirus has been “released” by China Evidence points to coronavirus SARS-CoV-2 being of natural origin, no evidence it could have been intentionally propagated",false,0.8668928
9564," Dr. Fauci opens up the possibility that the COVID-19 vaccine could be making people more likely to be infected by the virus”, “a vaccine that looked good in initial safety actually made people worse” Clip of Anthony Fauci discussing potential vaccine safety concerns is from March 2020; current scientific evidence shows COVID-19 vaccines reduce risk of infection and serious illness",false,0.866825
8192," Coronaviruses are all seasonal and go away on their own, including those that cause SARS and MERS; ivermectin is effective for preventing and treating COVID-19; COVID-19 vaccines are “gene therapy”, don’t give immunity or prevent transmission Not all coronaviruses are seasonal, contrary to pathologist Ryan Cole's claim; COVID-19 vaccines are effective at preventing illness",false,0.8667551
5737," Smoking may protect lungs from cancer Overwhelming scientific evidence shows that smoking causes lung cancer, instead of protecting against it",false,0.86673295
9657, Booster COVID-19 vaccine doses can “shut down the immune response”; heart damage following vaccination is “quite frequent”; “many of these [SARS-CoV-2] mutations are being driven by the evolutionary selection caused by the vaccines” Robert Malone's statements on The Dana Show about vaccine safety and virus variants are inaccurate and unsupported,false,0.8666976
7570," Lockdowns and face masks do not work to control the COVID-19 pandemic Non-pharmaceutical interventions, such as lockdowns and wearing face masks, are effective measures to reduce COVID-19 transmission, contrary to claims in viral video",false,0.86659646
6387, You have a 0.03[%] chance of dying from [COVID-19] in the state of California. [...] it’s similar to the flu. Bakersfield physicians underestimate COVID-19 mortality using flawed statistics; wrongly claim sheltering in place causes weak immune system,false,0.86659586
9346," Prenatal ultrasound carries “extreme risks”, including miscarriage and genetic damage Prenatal ultrasound is generally safe when performed by trained personnel and used only when medically necessary; its benefits outweigh the risks",false,0.86636674
7497," The U.S. has “a better handle on [COVID-19] than Europe”; “the disease is less deadly here than it is in most of Europe, based on case fatality data” The number of COVID-19 deaths over the entire pandemic is higher in the US than Europe, even when controlling for population size",false,0.866297
3597, Analysis by the King’s Fund suggests that 40% of mental health trusts saw budget reductions last year. 40% of mental health trusts have seen their incomes fall,true,0.86615556
8300, Pfizer [COVID-19] vaccine confirmed to cause neurodegenerative diseases”; “mRNA vaccines […] can integrate into the human genome” Flawed speculative study incorrectly claims that mRNA COVID-19 vaccines cause neurodegenerative diseases,false,0.86600727
3546, Health tourism costs nearly £300 million on some estimates. Health tourism savings won't plug the hole in NHS funding,true,0.86594087
420, If a child has a mitochondrial disorder [...] she is more at risk of having a vaccine pushing her over the edge and causing a bad reaction Claim that vaccines can cause individuals with mitochondrial disorders to develop autism is unsupported,false,0.86589086
425," With repeated use of vaccines, cell-mediated immunity weakens Vaccination does not weaken the immune system against natural infection",false,0.8658745
472, Is the HPV vaccine safe? <p><br></p>,true,0.86578685
7999, No one can possibly know if the [COVID-19] vaccine is safe and effective because the trial is still underway; “Thousands of people who had the vaccine have died or been seriously injured by it” COVID-19 vaccines approved for emergency use prevent the disease and are generally safe based on rigorous clinical trials and ongoing monitoring,false,0.8657843
6842, Nasal swabs used for COVID-19 tests reach the blood-brain barrier and may damage it. Nasal swab used for COVID-19 testing does not reach the brain,false,0.8657621
439," There Are Now 100 Scientific Studies That Prove Cannabis Cures Cancer No, science has not proven that ""cannabis cures cancer"", even though it helps manage some symptoms arising from cancer",false,0.86575234
5266," Vaccines [have been] found laced with entire genetic code for abnormal human loaded with cancer genes Mike Adams falsely claims cancer genes and ""entire genetic code"" are found in vaccines, based on unverified report",false,0.86556697
422, Formerly healthy people are suffering serious harm or even dying from taking the flu shot Article claiming flu vaccine causes serious illness and death is misleading and inaccurate,false,0.8655515
8502," Fauci’s emails prove he knew that masks don’t work against the spread of COVID-19, that hydroxychloroquine is effective against COVID-19, and that the virus is likely engineered, and he lied about these things to the public Fauci's emails don't support viral claims on masks, hydroxychloroquine and virus engineering",false,0.86552787
380," Women are not warned about the risk of blood clots with their daily steroidal hormone pill Oral contraceptives associated with increased relative risk of blood clots but not a significantly increased absolute risk, generally safe to use",false,0.86546785
3007, Is there scientific evidence that mindfulness meditation improves mental health? ,true,0.8652963
7373, Are telomeres linked to longevity? ,true,0.86522377
8210, Is fatigue linked to headaches? ,true,0.8651277
1907," Is long term use of nicotine replacement therapies (sprays, gum and patches) harmful to your health? <p><br></p>",false,0.86499107
7990," COVID-19 vaccines caused miscarriages COVID-19 vaccines don't increase the incidence of poor outcomes during pregnancy, according to current safety data on COVID-19 vaccines",false,0.8649732
1265," And what we have done with the remnants of Obamacare is we’ve kept your premiums down far below what anybody would have thought, through good management, through Secretary Alex Azar.” Trump Stump Speeches: Health Care",false,0.8649463
450, Can breaking down brain plaques prevent Alzheimer's? <p><br></p>,false,0.86493164
8191," The mRNA vaccine is “an operating system that takes over the machinery of your cells” ; “...by the time you get your fourth shot your body will be making all four proteins that make up the COVID-19 virus.” The mRNA COVID-19 vaccines aren't operating systems, and won't transform the human body into a virus-making factory",false,0.86491007
536, And Republicans will always protect patients with preexisting conditions. They’re trying to put a false narrative out there. Trump Stump Speeches: Health Care,false,0.8647976
7880," the “Case Fatality Rate of COVID-19 is 0.1% to 0.3% which is the same exact Case Fatality Rate as the regular seasonal flu”, “Biden’s press corps admits” COVID-19 was “a hoax” The lethality of COVID-19 is much higher than the flu; the Biden press corps didn't say COVID-19 was a hoax",false,0.8646455
5390,Milk thistle (Milk thistle|Silybum marianum|silymarin|cardus marianus|blessed milkthistle|Marian thistle|Mary thistle|Saint Mary's thistle|Mediterranean milk thistle|variegated thistle|Scotch thistle) treat cancer ,false,0.8645762
1195, Claimed that “more and more doctors are refusing to even accept people with Medicaid.” Republican Health Care Spin,false,0.86446214
1125, Claimed that federal spending on Medicaid would increase “every single year” under the GOP bill and the annual increases would be “equal to the cost of medical care.” Republican Health Care Spin,false,0.8643633
8349," COVID lockdowns don’t appear to have saved lives”; “ample scientific evidence points to the fact that lockdowns did not save lives” Evidence shows that lockdowns implemented to tackle the spread of COVID-19 have saved lives, contrary to claims in the New York Post",false,0.86436003
6026," The coronavirus outbreak is not actually caused by a virus, but by 5G technology Viral claim falsely asserts that COVID-19 is due to 5G technology rollout, not a virus",false,0.86433196
6095," The government of Shanghai, China has announced its official recommendation that COVID-19 should be treated with high amounts of intravenous vitamin C No, the Shanghai government has not recommended intravenous vitamin C as a treatment for COVID-19",false,0.8640834
7287," The Government has released their initial plans to force a vaccine on everyone”; “Three potential vaccines are currently in Stage 3 trials in the United States and could be ready in weeks” COVID-19 vaccines are not expected to be available for the public before several months, contrary to viral claim on social media",false,0.86396885
8053," CDC: Face Masks Don’t Prevent COVID-19, Study Finds Masks Have Negligible Impact on Coronavirus Numbers,” CDC “admitted such mandates do not make any statistical difference.” Mask mandates are associated with reductions in the spread of COVID-19 cases and deaths; contrary to One America News article",false,0.8639455
389, CDC Admits 98 Million Americans Received Polio Vaccine In An 8-Year Span When It Was Contaminated With Cancer Virus Claim that virus contaminating polio vaccine between 1955 and 1963 is cancer-causing not supported by science,mostly-true,0.86380816
8348," If you die within 20 days of testing positive for [COVID-19][...], you’ll be counted as a COVID death.” Vaccines are systematically dismissed as as possible cause of death. Deaths are attributed to COVID-19 according to clinical symptoms and diagnostic; deaths occurring following vaccination are systematically reported and investigated",false,0.8637812
7989, We’ll Have Herd Immunity by April; 55% of Americans have natural immunity Misleading Wall Street Journal opinion piece makes the unsubstantiated claim that the US will have herd immunity by April 2021,false,0.8637228
7995, One person is 300 to 900 times “more likely to die” after getting the COVID-19 vaccine than the flu vaccine; “Adverse events are widely underreported” Misleading to compare the safety of COVID-19 and flu vaccines based solely on VAERS reports; VAERS reports alone cannot demonstrate that a vaccine caused an adverse event,false,0.86362964
5402,"nonotus obliquus , chaga mushroom (nonotus obliquus|chaga|Boletus obliquus|Polyporus obliquus|Physisporus obliquus|Poria obliqua|Fomes obliquus|Phaeoporus obliquus|Mucronoporus obliqua|Scindalma obliquum|Phellinus obliquus|Xanthochrous obliquus|Fuscoporia obliqua) treat cancer ",false,0.8635823
398," Abortion is never medically necessary Lila Rose claim that ""abortion is never medically necessary"" is inaccurate; it is necessary in certain cases to preserve mother’s life",false,0.8633293
1799, The number of people going to Accident and Emergency is rising every year. An ageing population and A&E,true,0.8631903
8387, COVID-19 vaccines skipped animal testing; COVID-19 vaccines weren’t tested in humans before being released to the public; COVID-19 vaccines are unsafe COVID-19 vaccines were tested in animals and clinical trials before receiving authorization; vaccinated people aren't dying at a higher rate than unvaccinated people,false,0.8631404
1232," Republican Rep. Martha McSally of Arizona ""voted to essentially end Medicare. Democratic Closing Ads: Health Care and Taxes",false,0.8631274
7306," COVID-19 mutation may be evolving to bypass mask-wearing, hand-washing New York Post article makes speculative, unsupported claim that mutation could enable the virus causing COVID-19 to evade handwashing and mask-wearing",false,0.863086
8385," If you die within 20 days of testing positive for [COVID-19][...], you’ll be counted as a COVID death.”; vaccines are systematically dismissed as a possible cause of death. Deaths are attributed to COVID-19 according to clinical symptoms and diagnosis; deaths that occur after vaccination are systematically reported and investigated",false,0.86306876
225, 83 percent of tax cuts go to richest 1 percent. Democratic Closing Ads: Health Care and Taxes,false,0.86282426
8766," Nuremberg codes stipulate that consent must be voluntary […] Threatening someone’s livelihood unless they take an experimental vaccine is NOT voluntary consent.” The Nuremberg Code specifically addresses experimentation; COVID-19 vaccines aren't experimental, and therefore, don't violate the Code",false,0.8626714
9348," If you are vaccinated against COVID-19, you face no conceivable danger whatsoever from people who have not been vaccinated”; many unvaccinated people “have natural immunity and are less likely to get sick than a vaccinated person from COVID” Vaccines are highly effective against COVID-19, but unvaccinated people can still endanger vaccinated people, contrary to Tucker Carlson's claim on Fox News",false,0.8625416
442," Flu shots spread the flu Misleading article claiming ""flu shots spread the flu"" treats opinion as fact",false,0.86253846
7636, Vitamin D insufficiency [...] may account for the majority of COVID-19 deaths” Dozens of clinical trials ongoing to investigate whether vitamin D prevents COVID-19; no firm evidence yet,false,0.86252785
6684," The WHO stated that asymptomatic spread of COVID-19 is “very rare”, therefore physical distancing and face masks are not necessary People who do not show COVID-19 symptoms can and do transmit it to others; physical distancing and face masks effectively reduce the risk of transmission",false,0.86229056
6432," DON’T YOU FIND IT QUITE INTERESTING, THAT 5,000 MEAT PACKERS TESTED POSITIVE! HOWEVER, NOT 5,000 NURSES & DOCTORS!” Viral Posts Mislead on COVID-19's Toll on Health Care Workers",false,0.8622745
9021," Today the FDA announced they approved a drug whose Phase III clinical trials are not expected to be completed for two more years” Pfizer-BioNTech COVID-19 vaccine demonstrated its efficacy and safety in several stages of clinical trials before been authorized for emergency use, and therefore isn't experimental",false,0.8621855
7904," Long-term Mask Use May Contribute to Advanced Stage Lung Cancer, Study Finds” Article claiming that masks contribute to cancer development misrepresents a study about lung cancer, which didn't involve masks at all",false,0.86217344
9672, 75% of deaths were people with ‘at least four comorbidities’ CDC director's comments that 75% of COVID-19 deaths are among people with four comorbidities applies only to vaccinated people,false,0.86198014
7377, The coronavirus is no more deadly or dangerous than seasonal flu” COVID-19 is more deadly and more contagious than seasonal flu and can also cause long-lasting damage to survivors,false,0.8619048
5933," Every election year has a disease; coronavirus has a contagion factor of 2 No, not every U.S. election year has had a disease outbreak and COVID-19 transmissibility is unconfirmed",false,0.861802
9433, Wife of Pfizer’s CEO dies after complications from the vaccine” Pfizer CEO's wife didn't die from vaccine complications; Myriam Bourla is alive and well,false,0.86176556
8463, Models that predicted that COVID-19 would cause 2.2 million deaths in the U.S. were intentionally false; treatments that are 100% effective are being banned for false reasons COVID-19 PCR tests are highly sensitive and specific for the virus SARS-CoV-2; the majority of positive results are true positives; there is no evidence that budesonide or HCQ are useful as COVID-19 treatments,false,0.86175025
5682, SIDS Listed as a Side Effect on a DTaP Vaccine Insert No causal association between the DTaP vaccine and sudden infant death syndrome (SIDS),false,0.8616483
6810," the COVID-19 pandemic was planned … it’s very clear this virus was manipulated … the virus didn’t jump directly to humans, that’s not how it works, that’s accelerated viral evolution “Plandemic” vignette featuring anti-vaccination activist Judy Mikovits contains numerous false and unsupported claims about COVID-19",false,0.8614426
8955," COVID-19 vaccines are not safe and they increase the number of vaccine-resistant mutants. Washington Times article by Robert Malone and Peter Navarro relies on inaccurate and unsubstantiated claims about virus evolution, vaccine immunity, and COVID-19 vaccine safety",false,0.86142766
5551," Raw manuka honey kills every bacteria scientists throw at it, including antibiotic-resistant superbugs Manuka honey possesses potent antibacterial activity, even against some antibiotic-resistant bacteria, but this effect is achieved by topical application to infected wounds and not by eating it",mostly-true,0.8614227
6292, The flu shot causes false positive results on COVID-19 tests Claim that flu shot causes false positive results on COVID-19 tests is unsupported and misleading,false,0.86141384
8218," Scientific evidence doesn’t support the wearing of face masks; “why do you care if I don't wear a mask? Doesn't your mask protect you?” Scientific evidence supports wearing a face mask to reduce COVID-19 spread, mainly by preventing infectious liquid particles from reaching other people",false,0.86129254
6839, The blood brain barrier is exactly where the swab test has to be placed” Nasal swab used for COVID-19 testing does not reach the brain,false,0.8612189
8997, Passing the Senate’s Bipartisan Health Care Stabilization Act and the Tax Cuts and Jobs Act would result in “net lower premiums” for health insurance. Cassidy's Health Care Premium Spin,false,0.86117375
6868," Vaccines are a cause of sudden infant death death syndrome; infant deaths decreased dramatically during the lockdown, when the number of vaccines administered was reduced Infant deaths did not decrease during the pandemic due to a reduced use of vaccines; vaccines are not associated with sudden infant death syndrome",false,0.86104816
6278, COVID-19 causes prolonged and progressive hypoxia (starving your body of oxygen) by binding to the heme groups in hemoglobin in your red blood cells Claim that SARS-CoV-2 binds to hemoglobin in red blood cells unsupported and implausible,false,0.86092967
8812, COVID-19 vaccines caused 895 serious reactions among military veterans Unsupported claim that COVID-19 vaccines caused hundreds of serious reactions among military veterans misuses VAERS reports,false,0.86092377
7854, The CDC Finally Capitulated To ICAN’s Legal Demands and Removed the Claim that “Vaccines Do Not Cause Autism” From Its Website!” There is no evidence that vaccines cause autism; the US CDC didn't change their stance on the subject,false,0.8608568
396, Passing the Senate's Bipartisan Health Care Stabilization Act and the Tax Cuts and Jobs Act would result in “net lower premiums” for health insurance. Cassidy's Health Care Premium Spin,false,0.86078393
416, Science just confirmed eating turmeric every day could ‘reverse cancer’ Claims of curcumin cancer cure are premature and unsubstantiated,false,0.8607705
9176," The Red Cross says anyone who has received a COVID-19 vaccine cannot donate convalescent plasma”; “the vaccine wipes out these antibodies [against SARS-CoV-2]” Contrary to claims on social media, people who received a COVID-19 vaccine can donate blood and other blood products, including convalescent plasma",false,0.8607664
9712," Justice Sonia Sotomayor tested positive for COVID-19, according to Facebook post showing image with altered CNBC headline. Ted Nugent Posts Fake Headline, Claim About Sotomayor's Health",false,0.8606702
9033," There’s no science behind masks on kids”. Multiple scientific studies suggest that masking can help limit transmission of SARS-CoV-2 in schools, contrary to claim in Federalist article",false,0.86050403
4691, Is variation in intelligence influenced by genes? ,true,0.86044747
9366, Infection-induced immunity is “by far the more robust immunity that one can have against COVID-19” Infection-induced immunity versus vaccine-induced immunity: Weighing the benefits and risks,false,0.860283
7008," Hydroxychloroquine, azithromycin and zinc cure [COVID-19]” Hydroxychloroquine, alone or in combination with azithromycin, found ineffective for treating COVID-19 in large clinical trials",false,0.86025095
7100," The greatest trick the CDC ever pulled was convincing the world you can be sick without having symptoms” People infected with SARS-CoV-2 can transmit the virus to others, even if they do not show symptoms of the disease and are not considered sick",false,0.86019564
7452," We went from 75,000 flu deaths last year in America to almost 0 [...] do you think there may be allocation games being played to manipulate the truth?” Fewer flu cases observed in the start of this flu season, but Donald Trump Jr.'s tweet suggesting data manipulation is unsupported and cites inaccurate figures",false,0.8601802
9593," mRNA vaccines force “your child’s body to make toxic spike proteins. These proteins often cause permanent damage in children’s critical organs”; “there is no benefit for your children or your family to be vaccinating your children” The benefits of mRNA COVID-19 vaccines for children outweigh the low risks, unlike what Robert Malone claimed",false,0.86008114
4623," Is there evidence that probiotics are good for general health? <p>With an explosion of probiotics products, I wanted to know if there is scientific evidence showing that probiotics is good for general health? Thanks</p>",false,0.86006576
1872," Is air pollution linked to greater risk of dementia? <p><a href=""https://www.theguardian.com/environment/2018/sep/18/air-pollution-causes-jump-in-dementia-risk-study-suggests"" target=""_blank"">I read a report</a> that air pollution is now linked with dementia - is that true? Thanks.</p>",true,0.86001736
6561," UV-C lamps “kill 99.99% of all bacteria, viruses, and mold” on “any surface you want to disinfect” ... “in ten seconds” Hand-held UV lights sold online to kill microbes are effective only in specific conditions and can be unsafe when used improperly",false,0.8599802
9036, No one has died of cancer or heart disease since the COVID-19 thing started” Cancer and heart disease remain the two leading causes of death in the US during the COVID-19 pandemic,false,0.8598546
4604," Are dementia rates in the US declining? <p>Source from CNN (<a href=""http://www.cnn.com/2016/11/21/health/dementia-rates-decline/"" target=""_blank"">http://www.cnn.com/2016/11/21/health/dementia-rates-decline/</a>)</p>",true,0.85980624
6171," SARS-CoV2] is spreading quickly from gas pumps. Shopping carts as well. The virus that causes COVID-19 can survive on solid surfaces for days, but infection risk from contaminated objects is unknown",mostly-true,0.8594076
5438, Measles vaccine caused Samoa measles outbreak Popular Facebook meme misleadingly suggests that the measles vaccine caused 2019 Samoa measles outbreak,false,0.85929465
7294," Yesterday and today, he was not on oxygen,"" referring to President Trump's treatment for COVID-19. Timeline of Contradictory Statements on Trump's Health",false,0.85924757
4377, Private hospitals can register as a charity saving them up to 80% on their business rates. NHS and private hospitals: who pays business rates?,true,0.8592149
7697," Remember, in ‘I Am Legend,’ the sickness didn’t make the zombies. The vaccination did.” The Krippin virus in “I Am Legend” was intended as a cancer cure, not used as a vaccine",false,0.85917836
1897," Do cranberry supplements prevent urinary tract infections? <p>Cranberry juice and supplements (tablets) have long been promoted as a ""natural"" way to deal with a urinary tract infections - whether to prevent or treat UTI. Is this scientifically proven? Thanks</p>",true,0.859066
434," Cancer Institute Finally Admits Marijuana Kills Cancer Article claiming that the National Cancer Institute ""admits marijuana kills cancer"" is inaccurate and unsupported",false,0.8589731
414," Recent Study Shows How Sunscreen Causes Cancer, Not the Sun Sunscreen protects against skin cancer, contrary to widespread claim that it causes cancer",false,0.85891765
415," While e-cigarettes may have milder effects on the lungs, they are just as bad - if not worse - for the cardiovascular system E-cigarettes are less dangerous than smoking, but they are not harmless; long-term health effects remain debated",mostly-true,0.8584871
7893, the “case fatality rate of COVID-19 is 0.1% to 0.3% which is the same exact case fatality rate as the regular seasonal flu”; “Biden’s press corps admits” COVID-19 was “a hoax” The lethality of COVID-19 is much higher than the flu; the Biden press corps didn't say COVID-19 was a hoax,false,0.85848045
7743," Nashville bomber died from COVID-19” Nashville bomber died in the explosion, not from COVID-19",false,0.85845053
7194, It's NOT a SECOND WAVE of COVID-19 coming soon. It's the NORMAL COLD / FLU SEASON” The number of COVID-19 cases reported is based on a highly specific diagnostic test for COVID-19; no confusion with flu or common cold is possible,false,0.85838014
4995," smoking marijuana causes ‘complete remission’ of Crohn’s disease Study did not report that cannabis smoking leads to ""complete remission"" of Crohn’s disease, contrary to widely-circulated claim",false,0.85818785
6291," it is not the pathogens themselves which initiate disease, they only show up because of an acidic, compromised, cell terrain Infectious diseases are caused by pathogens, not an unbalanced, acidic cellular environment",false,0.8581449
388," The measles outbreak is directly caused by illegal immigration Measles outbreak in US due to unvaccinated citizens, not illegal immigrants",false,0.8580736
421," Sweden Bans Mandatory Vaccinations Over 'Serious Heath [sic] Concerns Mandatory vaccination was not ""banned"" in Sweden because of ""serious health concerns"" as claimed by multiple outlets",false,0.85801053
7820," Sweden Bans Mandatory Vaccinations Over 'Serious Heath [sic] Concerns Mandatory vaccination was not ""banned"" in Sweden because of ""serious health concerns"" as claimed by multiple outlets",false,0.8580105
8526," Passengers on first fully vaccinated [...] cruise ship test positive for COVID-19. Almost like the shot is useless.” COVID-19 vaccines are effective at preventing illness and death; rare infections in vaccinated people can still occur, as seen in the Celebrity Millennium cruise",false,0.85789526
39," Republicans ""voted to allow people with pre-existing mental illness to buy firearms. What Republicans Did on Mental Health, Guns",false,0.85777265
8069," The protein then can bind to your DNA and irreversibly change it”; “[It] has several different type of lipids on it that have never been injected into human beings before”; “We could be looking at right now as many as 12,000 deaths” COVID-19 RNA vaccines are safe, cannot modify human DNA; death rate in vaccinated people aren't higher than in unvaccinated people",false,0.8576564
7528, the pandemic is fundamentally over in the U.K.”; “We now know that loads of people had prior immunity [...] I believe we are now firmly at community immunity.”; “Viruses don’t do waves.” A rise in the number of COVID-19 cases and deaths starting in September 2020 contradicts the claim by Michael Yeadon that “the pandemic is fundamentally over in the UK”,false,0.8576009
466, Is there scientific evidence for emotional intelligence? <p><br></p>,true,0.85757613
5595, Wuhan Coronavirus outbreak linked to eating bats No conclusive evidence links consumption of bats with the Wuhan coronavirus outbreak,false,0.8575523
6671," Brussels is halting their 5G plans due to the negative health effects”; “Evidence ... overwhelmingly suggest[s] that, yes, 5G does pose a major threat.” Brussels halted 5G rollout in 2019 to study its radiation emissions, not because any negative health effects had been demonstrated",false,0.857388
8591, Buy yourselves charcoal activated tablets […] it will counteract most date rape drugs” Activated charcoal tablets are unlikely to be effective in counteracting date rape drugs; individuals who have been given date rape drugs should seek medical attention,false,0.8572991
9529," Pathogens evolve to become less, not more, virulent over time” Pathogens can evolve to be more virulent over time, contrary to nutritionist's claim",false,0.85726506
6474," The novel coronavirus SARS-CoV-2 was lab-created and patented; SARS-CoV-2 is not a new virus; COVID-19 pandemic was man-made and planned Contrary to claims in viral social media posts, the novel coronavirus was not man-made nor patented before outbreak",false,0.85721064
6792, Cannabis is more effective at preventing and treating COVID-19 than hydroxychloroquine” No scientific evidence indicates that cannabis can prevent or cure COVID-19 in patients,false,0.85710293
1859, Does HPV cause cervical cancer? <p>I've read some articles disputing the link between the human papillomavirus&nbsp;(HPV) and cervical cancer. Can medical researchers please verify this. Thanks</p>,true,0.8570925
9715, The COVID-19 vaccines are experimental Hundreds of millions of people worldwide have received at least one dose of COVID-19 vaccine; their safety and effectiveness are established; the vaccines aren't experimental,false,0.85700274
1943, Does sleep training work on babies? <p>Does leaving a baby to cry help them link sleep cycles?</p>,true,0.8569016
6365, there are ZERO flu deaths and ZERO pneumonia deaths for the first time in history The number of flu cases and deaths in 2020 is comparable to previous years,false,0.8568816
9426," Long COVID is “mostly a mental disease”; the condition long COVID is solely due to a person’s belief, not actual disease; long COVID doesn’t exist Claim that French study showed long COVID doesn't exist misinterprets the study and fails to account for its limitations",false,0.8568372
1932, Does turmeric reduce inflammation? <p>How much turmeric is really needed to help reduce inflammation?</p>,true,0.8568015
4965," These two very different cultures have different ADHD levels in children, in America the rate is 19 percent, and in France, it’s .5% – a half of a percent ADHD prevalence in France is similar to that of other developed countries like the US, cultural differences notwithstanding",false,0.8567338
6282," SARS-CoV-2] is spreading quickly from gas pumps. Shopping carts as well. The virus that causes COVID-19 can survive on solid surfaces for days, but infection risk from contaminated objects is unknown",mostly-true,0.85653514
7278," COVID-19 [is] less deadly than [seasonal] flu” COVID-19 is at least an order of magnitude more deadly than seasonal flu, according to current estimates",false,0.8562931
5181," ‘Horns’ are growing on young people’s skulls. Phone use is to blame, research suggests. Bone spurs occasionally form at the base of human skulls, but their growth has not been linked to the use of handheld devices",false,0.85623586
7529," Mask mandates do nothing to stop [the spread of] COVID[-19]”; There is “overwhelming scientific evidence” that masks do not work Wearing face masks helps reduce the spread of COVID-19, but it only confers partial protection and should be combined with additional public health measures",false,0.85616875
7270, More babies will die by abortion in two days than all the coronavirus deaths thus far” There have been more COVID-19 deaths than abortions worldwide over two days since June 2020,false,0.8560349
8085," There is reasonable ground to suspect that SARS-CoV-2 [...] was the product of genetic experiments”, data suggest that bat coronavirus RaTG13 served as a template for SARS-CoV-2 Could scientists use the bat coronavirus RaTG13 to engineer SARS-CoV-2, the virus that causes COVID-19, in a lab?",false,0.8559628
8013," The CDC is not an independent agency. It is a vaccine company […] The CDC owns over 20 vaccine patents. It sells about $4.6 billion of vaccines every year”. The CDC licences vaccine technology, but isn't a vaccine company; the CDC doesn't sell vaccines, it buys and distributes vaccines free of charge",false,0.8559023
6352," Elisa Granato, the first volunteer who availed herself in Oxford for a jab in the first Europe human trial of a vaccine to protect against the coronavirus pandemic has died. Volunteer for U.K. COVID-19 vaccine trial Elisa Granato is alive, contrary to claim in viral article",false,0.85581374
4731," Is marijuana addictive? <p>The <a href=""https://www.drugabuse.gov/publications/research-reports/marijuana/marijuana-addictive"" target=""_blank"">US government suggests</a> that marijuana can 'take the form of addiction in severe cases'. I would love to hear from independent medical experts on whether they think marijuana is an addictive substance? Thanks</p>",true,0.8557189
8204, AIDS was cured in more than a dozen patients There is currently no cure for AIDS; reports to the contrary are incorrect,false,0.8556292
8497," Terrifying new research finds vaccine spike protein unexpectedly in [the] bloodstream. The protein is linked to blood clots, heart and brain damage” Byram Bridle's claim that COVID-19 vaccines are toxic fails to account for key differences between the spike protein produced during infection and vaccination, misrepresents studies",false,0.85548353
8419, CDC director admits that COVID-19 deaths were over-counted US CDC director didn't state that COVID-19 deaths were over-counted; her statements about deaths among vaccine breakthrough cases were misinterpreted,false,0.8554425
3175," Flu shots are killing elderly citizens in record numbers Claim that ""flu shots are killing elderly citizens in record numbers"" based on misinterpreted study",false,0.85542214
6628, Does alcohol help ease anxiety? <p><br></p>,false,0.8551275
7092, The overall lethality of [COVID-19] (IFR) is about 0.1% to 0.3% and thus in the range of a severe influenza” Listicle of “facts” about COVID-19 contains numerous inaccurate and misleading claims,false,0.85511845
9352, Covid-19 vaccinated people have accounted for 81% of Covid-19 deaths this summer”; “Covid-19 deaths are over twelve times higher than the same period last year”; “vaccine programme has clearly failed” Vaccines are highly effective at reducing the risk of death from COVID-19; The Exposé misleadingly claims the UK vaccination campaign has failed,false,0.8550961
8811," Post-vaccination deaths reported to VAERS are caused by the vaccine VAERS reports may initiate investigations into potential associations between a vaccine and adverse events, but on their own cannot prove causality",false,0.85508907
429," Israeli scientists have developed a cure for cancer, which is 100% effective and coming by 2020 Popular claim that ""100% cancer cure"" will be available next year is unsupported and misleading",false,0.85508543
8317," CDC: Face Masks Don’t Prevent COVID-19, Study Finds Masks Have Negligible Impact on Coronavirus Numbers”; CDC “admitted such mandates do not make any statistical difference.” Mask mandates are associated with reductions in the spread of COVID-19 cases and deaths; contrary to One America News article",false,0.8550622
4580," ADHD is a fake disease invented by Big Pharma to drug children for profit Natural News article inaccurately claims ADHD is a ""fake disease"" invented for profit",false,0.85482216
9440, The WHO considers a child's presence at school alone to be sufficient as informed consent for vaccination Article misrepresents WHO guidance regarding vaccination at schools; the WHO recommends that parents must be informed about the vaccination,false,0.85481346
1903," Can mammoths be brought back to life? <p><a href=""https://www.telegraph.co.uk/science/2017/02/16/harvard-scientists-pledge-bring-back-woolly-mammoth-extinction/"" target=""_blank"">I read that scientists</a> were imminently going to bring back the woolly mammoth - is that true? Is it possible? Thanks</p>",false,0.85477203
6812, Hospital laboratories falsify positive COVID-19 results Internet memes based on hearsay claim that hospital laboratories falsify COVID-19 tests to inflate numbers without evidence,false,0.85475254
560, Senator Elizabeth Warren has been on Risperdal since first being prescribed the drug in 2011. Phony Claim On Elizabeth Warren's Health,false,0.85461384
477," Are silver nanoparticles in anti-bacterials harmful to humans? <p><a href=""https://www.chicagotribune.com/lifestyles/health/ct-nanosilver-met-20140216-story.html"" target=""_blank"">I read this article suggesting this</a>. Thanks.</p>",true,0.8545933
8999," COVID-19 vaccines will cause blood clotting, fertility problems, and immune escape Janci Chunn Lindsay's claims that COVID-19 vaccines are unsafe are inaccurate and unsupported by scientific evidence",false,0.85458016
6745," Bill Gates, founder of harmful vaccination campaigns in developing countries, now plans to use COVID-19 vaccines to surveil the population No, Bill Gates is not funding COVID-19 vaccines as a way to conduct global surveillance or to depopulate the world",false,0.85457325
8631, For three deaths prevented by vaccination we have to accept two inflicted by vaccination.” Retracted study misused statistics and adverse event reports to claim that COVID-19 vaccines don't offer “clear benefit” and caused deaths,false,0.8544848
8886," Vaccinated people can still get COVID-19, spread COVID-19, die from COVID-19, and could even die from the vaccine Vaccinated people are much more protected from COVID-19 than unvaccinated individuals; the benefits of the COVID-19 vaccines outweigh their risks",false,0.8543161
7584, Masks make no significant difference”; “Masks have no significant effect” Danish face mask study did not show that masks were ineffective at reducing spread of COVID-19; study was underpowered and results were inconclusive,false,0.85420847
7760," Portuguese nurse dies two days after getting the Pfizer Covid vaccine” COVID-19 vaccine did not cause the death of a Portuguese woman, contrary to social media posts suggestions",false,0.8542032
1933, Do SSRIs (antidepressants) work in teenagers? <p>There's conflicting info about whether doctors should be prescribing selective serotonin reuptake inhibitors (SSRIs) in teenagers. Is there any evidence that they actually help? Thanks</p>,true,0.8541997
8277," Ivermectin is the only thing we have that treats COVID at all stages […] Ivermectin substantially reduces deaths from COVID and prevents infections”; 50 studies “show ivermectin is not just effective, but highly effective” Current data from clinical trials offer no reliable evidence that ivermectin is effective against COVID-19; better-quality clinical trials are needed to resolve this question",false,0.8540797
8509," The kids who were [in hospital for other reasons] were the ones [...] on the ventilators. Not the kids who [were in hospital for COVID-19].” CDC study finds five percent of teens hospitalized due to COVID-19 require ventilation, vaccinating against COVID-19 can help reduce the risk of severe disease in teens",false,0.8540649
762," Rep. Marsha Blackburn ""voted to give members of Congress health care for life. Health Care Spin in Tennessee",false,0.85404277
5154, Is intermittent fasting more effective for weight-loss than other diets? <p><br></p>,false,0.8540156
7997," Health officials push pregnant women to get covid shots, despite known risks” Pregnant women can decide whether to receive the COVID-19 vaccine; safety monitoring suggests that COVID-19 vaccines don't pose any specific risk for pregnant women",false,0.853956
6539," The U.S. is not losing “tons more lives in 2020” compared to 2019 (18,433) ... the increase is virtually non-existent Mortality in the US noticeably increased during the first months of 2020 compared to previous years",false,0.85390544
7097, Governor of Maine orders restaurant staff to wear COVID visors like dog cones” Altered image falsely suggests that restaurant staff in Maine are required to wear dog cone-style face visors to protect against COVID-19,false,0.85376614
4973," It] is nearly impossible to categorize post-vaccine deaths as vaccine-related Robert F. Kennedy Jr. misrepresents WHO causality assessment for adverse events following vaccination, wrongly claims it enables cover-up of vaccine deaths",false,0.85374993
4648, Is there a correlation between depression and later development of dementia? <p><br></p>,true,0.85374284
3247," The government promised to recruit an extra 5,000 GPs by 2020. Is the NHS recruiting enough new GPs?",true,0.85371804
4612," Can a vitamin D deficiency cause depression? <p>Many non-experts &amp; naturopaths on Quora have answered <a href=""https://www.quora.com/Can-a-vitamin-D-deficiency-cause-depression"" target=""_blank"">this question</a>, but I would like real neuro-scientists to share their knowledge please on this claim. Thanks.</p>",false,0.8535188
451," Is biological ageing inevitable? <p><a href=""https://link.springer.com/article/10.1007%2Fs10522-017-9727-3"" target=""_blank"">A recent article</a> suggests that biological ageing (or senescence) is not inevitable. Is this the current consensus amongst biogerontologists? Thanks</p>",true,0.8534836
9067," the only person ‘hurting’ if I don’t get the vaccine is me. So mind your own business” A person's decision not to vaccinate affects others, as unvaccinated people are more likely to get infected and spread COVID-19, contrary to claim in Facebook post",false,0.8531802
408," Studies have repeatedly linked fluoride to reduced IQ and brain damage Fluoridated drinking water is not associated with neurological damage, despite online claims to the contrary",false,0.8531567
6817," Antibodies for the common cold produce a positive COVID-19 test; false-positive results from COVID-19 antibody testing are behind the COVID-19 cases reported in the U.S. COVID-19 cases in the US are mainly detected by highly specific molecular testing, not antibody testing",false,0.85306764
250, I’ll soon sign into the law the largest legislative effort in history to address the opioid crisis. ... Very little Democrat support.” Trump Stump Speeches: Health Care,false,0.85304487
8792," A Harvard study showed that vaccinated people are “twice as likely to get hospitalized as opposed to if they had a natural exposure to the SARS-CoV-2 virus, then got exposed to a Delta variant” Vaccinated people are less likely to be hospitalized due to the Delta variant compared to unvaccinated people, contrary to chiropractor's claim",false,0.85304147
5062, Are artificial sweeteners better for you than sugar? <p>I here things like the insulin response to sweetness makes them as bad as sugar or they break down into compounds that are more harmful than sugar. I would have thought sugar had all the same or similar down sides but with the added calories</p>,true,0.852839
8225," Since 1986, [the U.S. Government] has paid over $4.5 billion dollars for injury claims to individuals damaged by vaccines. We all wish that vaccines were 100% safe, but the truth is, they’re not.” Compensation for vaccine injury claims can be awarded even without proof that the vaccine caused the injury",false,0.8527825
9068," One time in the 80’s-90’s, people died from AZT and not the actual AIDS virus; Anthony Fauci pushed this treatment Claims that people were being killed by zidovudine (AZT) instead of AIDS are unsubstantiated",false,0.852754
440, Can obesity be predicted from childhood? <p><br></p>,true,0.8526318
5599, Will a vaccine be discovered for the novel coronavirus? <p>I am wondering if vaccine experts think a vaccine is likely to be discovered and produced for the current Wuhan novel coronavirus that is spreading around the world? Thanks</p>,true,0.8523123
7641," Thalidomide was a rapid approved drug introduced in 1957 to counteract nausea and insomnia in pregnant women. It was [...] withdrawn in 1962 due to malformations in newborns [...] Be very careful with what’s coming.” COVID-19 vaccine candidates are rigorously tested for safety during clinical trials, unlike thalidomide; misleading to equate the two",false,0.8522881
8227, No vaccine for HIV after 40 years of research. No vaccine for the common cold [...] A virus mysteriously appears and within a year a vaccine is created and we are all expected to take it.” COVID-19 vaccines were developed in record time due to scientists' good understanding of similar coronaviruses and unprecedented investments from companies and governments,false,0.85169935
8938," Face masks don’t reduce the spread of respiratory infections; COVID-19 vaccines are ineffective, and may lead to more severe disease; ivermectin, vitamin D, and zinc are effective COVID-19 treatments Family physician Daniel Stock repeated previously debunked misinformation about COVID-19 vaccines, treatments, and control strategies in a Mount Vernon School Board Meeting",false,0.8515454
7721," According to the 1986 National Childhood Vaccine Injury Act, you cannot sue a vaccine manufacturer if the vaccine has harmed and/or killed someone” The US National Childhood Vaccine Injury Act does not stop people from suing vaccine manufacturers",false,0.8515438
1579, Do detox diets offer any health benefits? <p>There are an infinite number of diets claiming to provide detoxification or cleansing health benefits. Is their scientific evidence that these diets do this and actually help your health?</p>,false,0.8514797
9458," The CDC Finally Admits a Massive Number of Americans Have ‘Natural Immunity’: 146.6 Million People”; 94% of Covid-related deaths were not caused by Covid-19 Contrary to claim in Becker News article, not all cases of infection lead to immunity; falsely claims that most COVID-19 deaths weren't caused by COVID-19 but by comorbidities",false,0.85138595
7009," Can't make a vaccine that works for influenza. No vaccine for RSV. Can't cure cancer. But they sure as shit can make a vaccine in 6 months for an illness that they STILL don't understand” Contrary to claim in viral Facebook post, the flu vaccine does work and certain types of cancers can be cured",false,0.8512278
9613," the pandemic was planned; the COVID-19 vaccines are experimental; previously infected people have “permanent immunity”; VAERS shows vaccines killed thousands of people, vaccine-induced spike protein causes damage Joe Rogan interview with Peter McCullough contains multiple false and unsubstantiated claims about the COVID-19 pandemic and vaccines",false,0.85034317
5408,Quercetin (Quercetin|Sophoretin|Meletin|Quercetine|Xanthaurine|Quercetol|Quertine|Flavin meletin|Penthydroxyflavone|Bioflavonoid|Citrus Bioflavones|Citrus Bioflavonoid|Citrus Bioflavonoids|Citrus Bioflavonoid|Citrus Flavones|Citrus Flavonoids|Flavonoid|Meletin|Quercetina|Sophretin) treat cancer ,false,0.8502182
9118," Black Africans possess more DNA series than any other group on earth”; The more DNA series you have, the greater your potential for genius”; “they copyrighted that study, to hide that truth” 1996 paper is about human evolution, not potential for genius",false,0.8501609
1929," Are the 'Winter Blues' real? <p>I've recently <a href=""https://www.sciencedaily.com/releases/2016/01/160120122808.htm"" target=""_blank"">read </a>that some new science claims to find no evidence for seasonal variations in depression in the US. Can psychologists please verify whether the seasonal affective disorder (SAD) is a real thing? And if so, what treatments are the best? Thanks</p>",true,0.8501337
445," Is recreational marijuana use safe? <p><a href=""https://www.vox.com/cards/marijuana-legalization/health-effects-marijuana"" target=""_blank"">Vox claims</a> recreational use of pot is relatively safe. Can medical experts please share their opinion and scientific evidence? Thanks</p>",false,0.84981215
1862, Are probiotics effective in the treatment of pouchitis? <p>Inflammation in an internal ileo anal pouch can be problematic to treat and antiobiotics are not a good long term solution. How effective are probiotics what does the data really say.</p>,true,0.8497357
8554, Individuals with previous SARS-CoV-2 infection do not get additional benefits from vaccination” COVID-19 vaccines can enhance protective immunity in previously infected people,false,0.84952235
1906, Do probiotics make it past the stomach? <p>Does taking a probiotic survive the hostile stomach environment to make it into the lower bowl where it can have a positive health benefit on the microbiome that such products claim to do?&nbsp;</p>,true,0.8494043
6150, There is no ‘coronavirus’ The coronavirus that causes COVID-19 is real; the story that claims otherwise is a work of fiction,false,0.8492952
4585, Do we really only use 10% of our brain at any one time? <p>This is something you hear a lot in the media and in movies etc. Is there any truth to it?</p>,false,0.8489865
1905," Are emotions discrete? <p>I read on Wikipedia about the '<a href=""https://en.wikipedia.org/wiki/Discrete_emotion_theory"" target=""_blank"">Discrete Emotion Theory</a>' - but I don't trust it and wanted to ask real psychologists about their views on whether emotions are discrete or not? Thanks</p>",false,0.8488002
7309," U.S. mortalities this year are not materially different from the previous 5 years” Mortality in the US was more than 280,000 higher during the first eight months of 2020 than any of the previous five years over the same period",false,0.8486972
4620," Is the average age of the onset of puberty getting younger? <p>I've <a href=""https://www.theguardian.com/politics/2013/nov/04/why-is-puberty-starting-younger-precocious"" target=""_blank"">heard</a> that the initial age of puberty is getting younger and younger, is this true?</p>",true,0.8486229
7415," CDC says [the SARS-CoV-2] virus was never airborne, rendering masks worthless” Masks are effective at reducing COVID-19 primary transmission through respiratory droplets; the CDC acknowledges airborne transmission via aerosols can also occur",false,0.8486054
1893," Is marijuana a 'gateway drug'? <p>I've heard many times the claim that legalising marijuana will inevitably lead to people using harder, more dangerous drugs. Is that true?</p>",false,0.8485906
1994," Is alcoholism genetic? <p><a href=""http://www.dailymail.co.uk/health/article-2859423/Alcoholism-genetic-Scientists-identify-key-DNA-makes-people-vulnerable-addiction.html"" target=""_blank"">I read an article</a> in the media suggesting alcoholism is determined by a particular piece of DNA passed down from your parents. Is this true? Thanks</p>",true,0.8485824
9585," A preprint of an ivermectin study in the Brazilian city of Itajaí found that prophylactic ivermectin reduced COVID-19 hospitalization and mortality by half Ivermectin study in the city of Itajaí contains several methodological weaknesses, resulting in questionable conclusions",false,0.84838796
1891," Does cooking in a microwave oven make food toxic? <p>Seems to be a lot of fear around the word ""radiation"" that is probably misplaced. Wanted to check with experts.</p>",false,0.84768605
7924," CDC illegally inflated the COVID fatality number by at least 1,600 percent”; “the NVSS COVID-19 Alert No. 2 [deemphasized] underlying causes of death [...] by recording them in Part II rather than Part I of death certificates [...] This was a major rule change [...] from the 2003 guidance on certification of death The CDC didn't introduce a “major rule change” to inflate COVID-19 deaths; there have been more than 490,000 excess deaths in the US to date",false,0.8476857
6674, German government leaked document declares COVID-19 is “a global false alarm” German Ministry employee makes unsupported claim that COVID-19 pandemic is a global false alarm in widely circulated yet unsolicited opinion article,false,0.84739685
1895, Do multiple vaccines overload the immune system? <p>I've heard some people say that administering many vaccines at once can cause kids immune system to become 'overloaded'. Is this scientifically accurate? Thanks</p>,false,0.8473869
1861," Is the use of mobile phones everyday linked with increased risk of brain cancer? <p>I feel like this is thrown around a lot - the idea that mobile phones can cause cancer and other health issues. Is there any truth to this, or are the effects small enough that we needn't worry about them?</p>",false,0.84728736
444," Is the placebo effect getting stronger? <p><a href=""https://qz.com/525995/why-the-placebo-effect-is-getting-stronger/"" target=""_blank"">I read an article</a> suggesting the placebo effect is getting stronger. This would have big implications for drug trials and approvals. Can pharmacology and other medical experts please verify if this is true? Thanks</p>",false,0.84680545
9343," Covid SURGES Among Most Vaxxed Communities Says Harvard Study” Claims that a Harvard study showed COVID-19 vaccines are ineffective misrepresent the authors' conclusions, fail to account for the study's limitations",false,0.84673536
4698," Does a vitamin D deficiency elevate the risk of multiple sclerosis? <p>I read a <a href=""https://www.ctvnews.ca/health/low-vitamin-d-levels-linked-to-risk-of-multiple-sclerosis-1.3589305"" target=""_blank"">news article on this</a> and wanted to check with neurologists how solid the evidence is?</p>",true,0.8466775
1902, Is it possible to target fat loss to specific body parts? <p>Alot of claims are made about targeted weight-loss on parts of the body. I am interested to know whether a specific area of the body can be targeted for fat loss through exercise and diet?</p>,false,0.84662503
5519," Vaccine Injuries Ratio: One for Every 39 Vaccines Administered Claim by Robert F Kennedy Jr that one ""vaccine injury"" occurs for every 39 vaccinations is unsupported by scientific data",false,0.84657586
435," World Health Organization Officially Declares Bacon is as Harmful as Cigarettes Claim that the World Health Organization finds ""bacon as harmful as cigarettes"" is inaccurate and misleading",false,0.8465011
6013," Are aerosols the dominant mode of transmission for respiratory viruses? <p>For respiratory viruses like influenza and coronavirus, I am wondering whether aerosols or fomites are the most likely dominant mode of spreading these viruses during epidemics? If so, what is a safe distance to reduce getting infected?</p>",true,0.846271
4821," Do root canals cause cancer? <p>There is a new documentary on Neflix called ""<a href=""https://www.imdb.com/title/tt7851798/"" target=""_blank"">Root Cause</a>"" that claims root canals cause cancer. Is this true? Is there clear evidence for it?</p>",false,0.84620667
1898," Is Myopia caused by looking at things too closely? <p>I read an <a href=""https://www.rebuildyourvision.com/blog/vision-conditions/nearsightedness/close-work-can-cause-nearsightedness/"" target=""_blank"">article</a> that suggested working with computers could cause myopia. Can eye experts please verify if that is true? Thanks</p>",true,0.8461202
5990," Do most new infectious disease outbreaks originate from animals? <p>I heard that zoonoses are the most important infectious disease causing outbreaks in humans (like COVID-19, SARS, MERS etc). Is that true? </p>",true,0.8460541
6382," By administering hydroxychloroquine combined with azithromycin, they were able to observe an improvement in all cases, except in one patient Claim that hydroxychloroquine-azithromycin is a proven cure for COVID-19 patients is misleading and unsupported",false,0.8459929
1878, Can a good diet improve cognitive function? <p><br></p>,true,0.84583974
7753," the number of deaths in America in 2020 was not greater than that in 2019 The CDC reports more than 2.9 million deaths in the US in 2020; there were at least 377,000 more deaths in 2020 compared to previous years",false,0.84546626
9027," Dr. Malone is the inventor of mRNA vaccines” The development of mRNA vaccines was a collaborative effort; Robert Malone contributed to their development, but he is not their inventor",false,0.845452
4577," Is a high-fibre diet good for the microbiome? <p>I've heard that fibre helps the gut microbiome - but wanted to ask the experts. Also, if it does - how? Thanks</p>",true,0.8452501
4709," Is measles on the rise in western countries? <p><a href=""https://hcatodayblog.com/2018/08/27/measles-on-the-rise-in-the-u-s-heres-why/"" target=""_blank"">I read an article</a> suggesting measles cases are rising in the US - is this true across western countries - and why?</p>",true,0.8451786
4692, Are IQ scores a good predictor of general intelligence? <p>I am interested to learn the facts on whether IQ metrics tend to translate to more generalised intelligence among people?</p>,true,0.8451394
7405," Flu cases down by 95%” between 2019 and 2020 for the weeks 40 to 41; flu is being diagnosed as COVID-19, leading to fewer flu cases being recorded Claims that flu cases are used to inflate COVID-19 case counts are misleading, based on inaccurate numbers",false,0.8447984
9645, Spanish High Court Confirms That Covid 19 Does Not Exist!” Several laboratories in Spain have cultured and isolated the virus SARS-CoV-2; the claim that the virus doesn't exist is false,false,0.84478027
8242," …a virus is not the cause of an illness. It’s a necessary cause […] but it is not the cause.” Infectious diseases are caused by microorganisms; other factors may determine an individual's susceptibility to infection, but the microorganism is still the cause",mostly-true,0.8442717
5205, Does EMDR therapy work? <p>Is there scientific evidence that Eye Movement Desensitization and Reprocessing (EMDR)&nbsp;therapy works?</p>,true,0.8440803
4618," Is intelligence hereditary? <p>Interested to learn the current scientific facts from experts on this. <a href=""https://www.huffingtonpost.com.au/2017/08/16/is-intelligence-hereditary_a_23078716/"" target=""_blank"">I read an article about it</a>.</p>",true,0.8439268
419," Measles Vaccines Kill More People than Measles, CDC Data Proves Article wrongly claims that measles vaccine claims more lives than measles infection, misinterprets epidemiological data",false,0.8438923
4593," Is the Flu Vaccine effective? <p>I read an <a href=""https://www.vox.com/science-and-health/2018/2/1/16960758/flu-vaccine-effectiveness"" target=""_blank"">article</a> that the 2018 flu vaccine would only prevent about 10% of cases this year. Is this true? Other years? If so, what determines the level of efficacy each year? Thanks</p>",true,0.84381264
4736," Are probiotics harmless? <p>Recent <a href=""https://www.newscientist.com/article/2178860-probiotics-are-mostly-useless-and-can-actually-hurt-you/"" target=""_blank"">research</a> claims that probiotics can actually hurt you. Since there are a lot of yogurt in the supermarket that contains probiotics - can experts please verify this?</p>",true,0.8437368
4617, Are probiotics necessary for a healthy microbiome? <p>There has been an explosion of probiotic yoghurts and milks - are they actually good for us to maintain a healthy microbiome? Or is a healthy diet just as good?</p>,false,0.8436145
9342," Anthony Fauci] Funded Experimenting With AIDS Orphans…25 Died” An investigation found no evidence that deaths of HIV-positive foster children enrolled in AIDS drug trials were caused by trial medication, contrary to recent claims",false,0.84346384
1969, Is there a net benefit to society from legalising marijuana? <p>Do the benefits outweigh the costs in legalising marijuana?</p>,true,0.84334993
6413," Will COVID-19 result in more lives saved from other infectious diseases? <p>With washing hands, hygiene and social distancing now the new normal due to COVID-19, will this result in many lives saved from other infectious diseases like the flu or food-born illnesses (lower transmission). If so, would it be possible for the lives saved to be greater than the lives lost during COVID-19? Thanks.</p>",false,0.84329575
4734," Are Hyenas more closely related to cats than dogs? <p>I have heard several times (including in an episode of the Batman kids show) that hyenas are not a type of dog like wolves and foxes are, but are actually more closely related to cats. This seems like a myth. Is it true?</p>",true,0.84323967
1754," Is the Alzheimer's ""Amyloid Hypothesis"" wrong? <p><a href=""https://www.theatlantic.com/health/archive/2017/02/alzheimers-amyloid-hypothesis/517185/"" target=""_blank"">I read this article</a> and wanted to gauge the facts directly from the Alzheimer's experts..</p>",true,0.84318644
475," Does eating turmeric help prevent cancer? <p>There has been an explosion in claims that curcumin (the yellow pigment in turmeric) has anti-cancer properties for preventing cancer. <a href=""https://thetruthaboutcancer.com/cancer-fighting-benefits-of-curcumin/"" target=""_blank"">Here's an example</a>. Can medical experts please verify this link with real science and if so, any dietary guidelines. Thanks</p>",false,0.8429216
5785," The coronavirus pandemic can be dramatically slowed, or stopped, with the immediate widespread use of high doses of vitamin C Vitamin C supplementation does not prevent viral respiratory infections, such as those caused by coronaviruses, in the general population",false,0.8428802
431," Tilapia are chock full of Omega-6 fatty acids – which increase your risk for Alzheimer’s! Omega-6 fatty acids in tilapia do not increase risk for Alzheimer’s, contrary to popular claim",false,0.84277916
4727," Does reducing dietary salt save lives? <p><a href=""http://onlinelibrary.wiley.com/doi/10.1111/jch.12402/abstract"" target=""_blank"">A recent article </a> suggests that there is ""there is strong scientific consensus that reducing salt saves lives"" while <a href=""https://www.scientificamerican.com/article/its-time-to-end-the-war-on-salt/"" target=""_blank"">other articles</a> report no benefits based on meta-analysis. Can cardiologists please confirm if such a consensus exists and share evidence on both sides of the debate. The world really needs to learn about it. Thanks</p>",true,0.8427318
4591, Can anti-depressants make a healthy person happier? <p>What is inside anti-depressants that cause depressed people to feel better?</p>,false,0.84244394
9159," FDA experts reveal the Covid-19 Vaccines are killing at least 2 people for every 1 life they save” FDA experts support COVID-19 vaccines, didn't author unsupported allegations of vaccine-caused deaths",false,0.84234047
1904, Are eggs bad for heart health? <p>I've heard that eggs are high in cholesterol and bad for your heart. Can experts please verify this.</p>,false,0.84209096
7994," COVID-19 cases are “down by 50%” and “daily vaccinations have increased by 85%” since “Biden took office” The number of new COVID-19 cases fell and daily vaccination increased in early 2021, but no indication that it was due to US president Biden taking office",false,0.84200263
474," Can we help prevent Alzheimer's with diet? <p><a href=""https://www.cbsnews.com/media/mind-diet-foods-avoid-alzheimers-boost-brain-health/"" target=""_blank"">CBS claimed</a> many foods help prevent Alzheimer's Disease. Is there real scientific evidence demonstrating that diet can actually help prevent Alzheimer's?</p>",true,0.84178215
1882," Does smoking harm the brain? <p>We know that smoking causes lung problems, heart disease and cancer but I recently <a href=""https://www.menshealth.com/health/a19535664/smoking-hurts-your-brain/"" target=""_blank"">read that smoking can shrink the brain</a>. This leads to a wider question on whether smoking harms the brain? Thanks for sharing..</p>",true,0.84173965
4726, Are vegan diets better for overall health? <p>There’s a lot of hype at the moment around the switching of people’s diets towards veganism. Is this a good idea and are we not true omnivores?</p>,true,0.8413787
4584, Is there strong evidence to support that any of the ingredients of vaccines are toxic in the concentrations they hold? <p>There is a lot of misinformation about the alleged toxicity of many of the ingredients that vaccines hold. Like mercury and thimerosal for instance. So I would like to know what the scientific consensus is about this.</p>,false,0.84115064
1875," Is 400mg of caffeine a day a safe threshold? <p><a href=""https://www.buzzfeed.com/sallytamarkin/400-is-the-magic-number"" target=""_blank"">I read an article claiming that 400mg</a> is the general scientific view to avoid caffeinism and health problems. I wanted to check with experts as I tend to have ~6 espresso shots a day which I think is 6x70mg (roughly 400mg).. Thanks for your guidance on this..</p>",true,0.8410781
4588," Is a sub 2-hour marathon possible? <p>Under current IAAF marathon rules, is it possible for someone to run the marathon in less than 2-hours? If so, when do sports physiologists and performance experts predict the 2-hr barrier to be broken? Thanks..&nbsp;</p>",true,0.841017
2066, Can take-home microbiome kits really predict disease? <p>There has been a surge in take-home kits to test your gut microbiome. A number of these companies makes claims they can predict diseases from cardio-vascular to Parkinson's. Is this true - can these kits predict disease?</p>,false,0.84096867
6305," Matt Hancock said there would be 25000 tests a day by mid-April. We’re currently at under 15,000 as of yesterday, so we’re missing that target. He said 100,000 by the end of April. Government misses one of its Covid-19 test targets",true,0.84094155
5167, Does the science match the hype on Intermittent Fasting? <p>There's alot of hype around intermittent fasting. I am wondering if experts think the science matches the hype - or is this another fad..</p>,false,0.8409142
1887," Can a lack of sleep increase your chance of developing diabetes? <p><a href=""https://www.fitnessmagazine.com/health/conditions/diabetes/lack-of-sleep-can-lead-to-diabetes/"" target=""_blank"">I read an article</a> that lack of sleep can lead to developing diabetes? Can sleep researchers and endocrinologists please verify if this is true? Many thanks</p>",true,0.8405647
1879," Is glyphosate carcinogenic? <p>Governmental food agencies around the world seemed to have flip-flopped on deciding whether glyphosate, the world's most used herbicide, is carcinogenic. I would like experts to share their opinions and evidence please to verify this independently. Many thanks..</p>",false,0.84038514
4708," Does blue-green algae cause Motor Neuron Disease? <p><a href=""https://www.scientificamerican.com/article/are-algae-blooms-linked-to-lou-gehrig-s-disease/"" target=""_blank"">I read an article</a> claiming blue-green algae blooms as a possible cause to Motor Neuron Disease. Is this currently the consensus amongst neuroscientists? Explanations and insights would be appreciated..</p>",false,0.8401733
4606," Are the health benefits of pomegranate juice overhyped? <p>Pomegranate juice companies <a href=""https://www.medicalnewstoday.com/articles/318385.php"" target=""_blank"">claim extraordinary</a> lists of benefits in drinking their products. The main benefit relating to its anti-oxidants, but <a href=""https://www.psychologytoday.com/blog/diagnosis-diet/201712/the-antioxidant-myth"" target=""_blank"">I also read</a> that it's not bioavailable and the sugar content helps the production of free radicals. It would be great to hear from a range of experts on this. Thanks.</p>",false,0.8399929
4695," Does marijuana harm the brain? <p>Source from <a href=""https://www.scientificamerican.com/article/does-marijuana-harm-the-brain/"" target=""_blank"">Scientific American</a>.</p>",true,0.8399735
4779," Is it still beneficial to be vaccinated if 92% of the population is already vaccinated? <p>While it is clear that there are huge societal benefits to immunisation programs I was interested to understand if there was any scientific understanding of the tipping point at which the very small risks of side effects from vaccination with MMR no longer outweigh the benefits of vaccination (to the individual getting vaccinated alone so not including the positive societal externality), because the chances of contracting any of the diseases are already so low due to the impact of herd immunity. I have chosen 92% as this is the approximate MMR vaccination rate in the UK according to NHS statistics. I imagine this would require a comparison of the risks of side effects from vaccination (e.g. weighted morbidity and mortality) against the risks of contraction of the disease and the likelihood of morbidity and mortality from that given that a large portion of the population are already vaccinated.</p>",true,0.83983415
1883," Is there an 'obesity' gene? <p><a href=""https://www.sciencedaily.com/releases/2017/11/171113153824.htm"" target=""_blank"">I read an article</a> suggesting there is an obesity gene - is that true?</p>",false,0.8396971
1892," Do phytoestrogens increase risk of ER cancers (breast, ovarian etc)? <p>I have a diet rich in phytoestrogens or dietary estrogens (soy, grains, flax, vegetables etc). I've heard that these can increase the risk of Estrogen-receptor cancers like breast and ovarian. Is that true? Can researchers please share the facts..</p>",false,0.839538
1886," Do carotenoids lower breast cancer risk? <p>I've heard many times that carotenoids (high in vegetables like tomatoes and carrots) have been found to lower breast cancer risk? <a href=""http://blog.aicr.org/2015/04/16/study-carotenoids-lower-risk-of-breast-cancer-recurrence/"" target=""_blank"">Here is one article I found</a>. Is that true? Thanks</p>",true,0.83916706
1937," Does taking recreational ecstasy cause brain damage? <p>I read an article in the Guardian claiming ""<a href=""https://www.theguardian.com/society/2011/feb/19/ecstasy-harm-brain-new-study"" target=""_blank"">Ecstasy does not wreck the brain, new study claims</a>"". Many of my friends took ecstasy in their younger years. Very interested to hear from neuroscientists if this claim is actually true and based on real evidence?</p>",false,0.8387944
4610," Do carbonated drinks strip teeth enamel? <p>I'd read that daily consumption of sparkling water or carbonated drinks can be bad for teeth enamel, causing decay. Can dental experts please verify this please. Thanks</p>",true,0.83869183
470, Do omega-3 supplements help lower the risk of heart disease? <p>I've heard that omega-3 supplements and fish oil can help lower risk of heart problems. Is there evidence for this or are these pills just a waste of money?</p><p>Thanks</p>,true,0.83829105
1876," Does the Keto diet help cure epilepsy in children? <p><a href=""http://www.dailymail.co.uk/health/article-5329637/Girl-5-cured-epilepsy-eating-avocados.html"" target=""_blank"">I read this article</a> claiming a 5-year old has been 'cured' of her epileptic seizures after switching to a Keto Diet (high fat, low carb). Can medical experts please verify if this claim? Many thanks.</p>",true,0.83822304
6361, ZERO flu deaths and ZERO pneumonia deaths for the first time in history The number of flu cases and deaths in 2020 is comparable to previous years,false,0.8379426
1908," Is hot pepper cream effective for joint and tissue pain? <p>Are chillies and hot peppers effective for reducing pain as suggested <a href=""https://articles.mercola.com/sites/articles/archive/2014/07/14/chili-peppers-pain-relief.aspx"" target=""_blank"">by this article</a>?</p>",true,0.83782566
1877," Is prolonged stress bad for your health? <p>In his book Stress and Your Body Professor Robert Sapolsky argues that prolonged stress and especially prolonged stress can ""can have tremendous negative effects on your mental and physical health"". Is this view shared by the scientific community and supported by studies?</p>",true,0.837789
3064, Can you learn in your sleep? <p>Learning in your sleep. A few years ago this was all the rage - you supposedly could learn a language from tapes under your pillow while you slept. Now it seems to be making a reappearance. Is there any evidence to support this?</p>,true,0.8377773
4908, Do multivitamins make you healthier? <p>Most of my friends take multivitamins daily on the idea that they help improve overall health and potentially lower disease. Is their any science behind the health benefits of taking multivitamin supplements?</p>,true,0.8377341
1917, Can Parkinson's disease be predicted from the microbiome? <p>I've heard some companies claim they can predict Parkinson's from analysing human microbiome. Is this true?</p>,true,0.8371073
1936," Does fasting kill cancer? <p>This <a href=""https://www.youtube.com/watch?v=xJZrgyPRgY0"" target=""_blank"">Dr on Youtube claims</a> that fasting, by eradicating sugar, is proven to kill cancer. He claims that cancer needs sugar and the fasting will kill it. Is this true?</p>",false,0.8365449
8608," Vaccine crew in Indian village attacked by locals” Video didn't show villagers in India attacking a COVID-19 vaccine crew, as claimed by Charlie Kirk, but a police van instead",false,0.83598256
441," Is too much sleep bad for you? <p>This article suggests too much sleep has been linked to premature death and can be just as bad for you as smoking and drinking alcohol! Is this true? What's the latest from sleep researchers and should I tell me wife to start sleeping less? Thanks (<a href=""http://www.dailymail.co.uk/health/article-3356642/Too-sleep-bad-health-smoking-drinking-alcohol-9-hours-night-means-4-TIMES-likely-die-early.html"" target=""_blank"">Source</a>)</p>",false,0.83547944
4694," Is there evidence that light drinking by pregnant women harms their babies? <p>There seems to certainly be evidence that heavy alcoholic drinking is harmful, but I have not seen evidence about light drinking (1 glass a day). Is there evidence?</p>",true,0.8351009
1870," Does air pollution cause Alzheimer's disease? <p>An article published in September 2016 by the <a href=""http://www.pnas.org/content/113/39/10797.abstract"" target=""_blank"">National Academy of Science</a> found Magnetite in air pollution (in particular, exhaust from diesel engines) to be a possible cause of Alzheimer's Disease. Magnetite was found in 37 Alzheimer patients in Manchester, UK, is this number of people significant enough to suggest air pollution causes Alzheimer's?</p>",true,0.83480954
1911, Do distant cancer metastases have the ability to re-metastasise? <p>Do distant cancer metastases have the ability to re-metastasise or do they all come from the primary cancer.&nbsp;</p>,true,0.83432466
471," Can Lyme disease be transmitted from one person to another? <p>There has been much debate about the transmissibility of Lyme Disease - <a href=""http://www.medicaldaily.com/lyme-disease-contagious-clues-hint-it-may-be-sexually-transmitted-disease-267964"" target=""_blank"">see this article</a>. Can Lyme disease/infectious disease experts please help?</p>",false,0.83429754
1928," Could the disruption of the gut flora caused by the use of antibiotics in childhood, be triggering allergies in later years? <p>As antibiotics destroy both good and bad gut microbes, and allergies are an over reaction to certain substances, could the body be 'forgetting' experience of those substances, after being treated by antibiotics and thus becoming vulnerable to allergic reactions?</p>",true,0.8338226
479," Is a cure for HIV possible? <p><a href=""http://time.com/5190960/no-cure-hiv-but-scientists-getting-closer/"" target=""_blank"">I read an article in TIME magazine</a> that scientists have got closer to a cure for HIV. Can HIV experts please verify if this is true given 37million people are affected by it. Thanks..</p>",true,0.8334954
4737," Does melatonin help jet lag? <p>I've heard many times that melatonin is a good supplement to take to reduce the effects of jet lag. Can sleep researchers please verify if this is true? If so, is there any guidance on how much to take and when to take it on a trip say from London to Los Angeles? Many thanks</p><p><a href=""https://www.thecut.com/2017/05/melatonin-benefits-sleep-jet-lag-cure.html"" target=""_blank"">Here is the article I read</a></p>",true,0.8333963
6502," Coronavirus quickly spread around the world as early as October 2019” The first SARS-CoV-2 infections in humans occurred during fall 2019, but not enough evidence exists to confirm a global spread before early 2020",mostly-true,0.83198404
4578," Do routine mammograms save lives? <p>I read an article <a href=""https://theconversation.com/routine-mammograms-do-not-save-lives-the-research-is-clear-84110"" target=""_blank"">suggesting routine mammograms don't save lives </a>and then another <a href=""https://theconversation.com/routine-mammograms-do-save-lives-the-science-85517"" target=""_blank"">suggesting they do</a>. Can experts please share us their perspective and answer on this important question. Many thanks.</p>",true,0.8316786
4723," Is the Belcher's sea snake the most venomous snake in the world? <p>I recently <a href=""https://www.youtube.com/watch?v=XStyl-mHwgU"" target=""_blank"">watched a wildlife Youtuber</a> say that Hydrophis belcheri or the Belcher's Sea Snake is the most venomous snake in the world. He has over 600,000 views but can snake biologists please answer this - I only trust experts in the field. Is this true? Thanks</p>",false,0.831662
4783," Is Malaria becoming more drug-resistant? <p>Drug resistant malaria seems to have a long history. Monotherapies for Malaria treatment (e.g. quinine, chloroquine, mefloquine etc) have lead to rapid resistance of P. falciparum, a major Malaria parasite. Artemisinin combined therapies for malaria treatment were promising - but <a href=""https://www.theguardian.com/world/2018/feb/01/drug-resistant-malaria-will-spread-without-urgent-action-experts-warn"" target=""_blank"">I've read some reports</a> that artemisinin is also becoming resistant. Is this true? If so, what can be done about it? Thanks.</p>",true,0.8308576
1334," Is farmed salmon 'the most toxic food in the world'? <p>I've read a number of articles and environmental groups who claim that farmed salmon is a toxic food - with some claiming <a href=""https://www.organicconsumers.org/news/farmed-salmon-toxic-flame-retardants"" target=""_blank"">that is the most toxic food in the world</a>.</p>",false,0.8304144
4707," Could autism be cured one day? <p>I was reading a question <a href=""https://www.doctorxdentist.com/questions/is-the-mmr-vaccine-safe-or-does-it-cause-autism"" target=""_blank"">'Is the MMR vaccine safe, or does it cause autism?'</a> and it made me wonder what exactly causes autism? And if there is something that causes it, can it be prevented/cured?</p>",false,0.8299573
4788," Does a tan (without burning) raise your risk of skin cancer? <p><a href=""https://health.spectator.co.uk/is-there-really-no-safe-way-to-tan-here-is-what-we-know/"" target=""_blank"">I read this article</a> suggesting that permanent tans are less of a risk than periodic sun exposure for skin cancer. Is this true?</p>",true,0.82994276
6896," For every one person who dies: 19 more require hospitalization; 18 of those will have permanent heart damage for the rest of their lives” A proportion of COVID-19 survivors are likely to suffer from long-term health problems, but the actual risks are still unknown",mostly-true,0.8296905
1871," Is there such a thing as sleep debt? <p>If you only get 4 hours sleep one night. Does that mean that you have a sleep debt of 4 hours that you need to gain back in the following night(s)? Or have you just simply lost that sleep time? (i.e. be tired the next day, but after 8 hours sleep feel normal the following day?) Can Sleep experts explain? Many thanks! <a href=""https://www.reddit.com/r/askscience/comments/mup6g/is_there_such_thing_as_sleep_debt/"" target=""_blank"">Source</a></p>",true,0.82942766
1952," Is donating blood good for your health? <p><a href=""https://www.medicaldaily.com/why-donating-blood-good-your-health-246379"" target=""_blank"">I read an article</a> suggesting a number of health benefits to those who donate blood. Is this true?</p>",true,0.82909656
4583," Does moderate alcohol consumption increase risk of cancer? <p>I saw a <a href=""http://abcnews.go.com/Health/moderate-alcohol-consumption-increase-risk-cancers-experts-warn/story?id=50996234"" target=""_blank"">segment on Good Morning America</a> by their medical correspondent that even moderate levels of alcohol (~7 drinks a week for women; ~14 a week for men) increases cancer risk. Is this true? Can oncologists &amp; epidemiologists please verify this. Many thanks.</p>",true,0.82904077
4822," Are foods with antioxidants in them really as important as they're made out to be? <p>People often use the excuse that ""it's got lots of antioxidants in it"" as an excuse to have things that might otherwise be unhealthy like coffee, red wine, Açaí bowls and dark chocolate. Are antioxidants really that important and is it worth eating lots of chocolate to get them?</p>",false,0.82899094
4602," Is eating burnt toast a cancer risk? <p>A lot of <a href=""http://edition.cnn.com/2017/01/23/health/burnt-toast-cancer-risk-roast-potatoes-acrylamide-bn/"" target=""_blank"">articles</a> have warned that eating burnt toast, roast potatoes, and other overcooked starchy foods can lead to cancer. What is the scientific consensus on this?</p>",false,0.8289335
465," Does lutein & zeaxanthin decrease the risk of macular degeneration? <p>My mother has been taking expensive supplements that include lutein &amp; zeaanthin, that claim to help prevent macular degeneration. I read something from the <a href=""https://www.macular.org/lutein"" target=""_blank"">AMDF</a> but it's very old. Can researchers please share the latest evidence on whether these supplements have scientific backing? Thanks.</p>",true,0.82852924
1860, Are psychedelics an effective new treatment for depression? <p>I read a recent blog about magic mushrooms or hallucinogenic bark is showing 'promise' as a treatment for depression. Can neuroscientists please verify if this is true? Many thanks.</p>,true,0.8279405
4586," Does stopping an antibiotic course early increase antibiotic resistance? <p>The World Health Organization advised patients globally in 2016 to “always complete the full prescription, even if you feel better, because stopping treatment early promotes the growth of drug-resistant bacteria.” This view is supported by many health professionals, and I have heard this principle repeatedly in medical school.</p><p>However, <a href=""https://www.bmj.com/content/358/bmj.j3418"" target=""_blank"">a recent study in BMJ</a> suggests that completing a long course of antibiotics may in fact promote resistance. Is this true? Interested to learn what the wider medical research community thinks on this in 2018. Thanks.</p>",false,0.827796
1925," Are people predominantly either 'left-brained' or 'right-brained'? <p>I've heard that the right side of your brain accounts for your creativity and artistic abilities while the left side accounts for more logical, mathematical thinking. If this is true does this mean that people who are more artistic have a dominant right side of their brain over their left? And vice versa?</p>",false,0.8277328
6173," Is it safe to wash fruit & vegetables with soap? <p>Alot of people and <a href=""https://www.vox.com/the-goods/2020/3/27/21195819/mail-groceries-takeout-packages-delivery-clean-sanitize-wipe-outside-coronavirus"" target=""_blank"">news reports</a> are advising people to wash their fruits &amp; vegetables with soap to kill the coronavirus. Should we do that?</p>",false,0.82694453
4600," Is milk and dairy bad for your bones? <p>I've heard alot that a diet with milk and dairy may in fact deplete calcium in your bones - leading to osteoporosis and fractures. <a href=""https://www.scientificamerican.com/article/is-milk-bad-for-your-bones/"" target=""_blank"">Here is a Scientific American</a> article about it and celebrity chefs also <a href=""http://www.abc.net.au/news/2016-08-29/how-important-is-calcium-doctors-have-their-say-pete-evans/7794132"" target=""_blank"">claim</a> this is true. Can nutrition and bone experts please verify this claim for us? Thanks</p>",false,0.8266068
1889," Are Polygraph Tests the most accurate way to determine if someone is telling the truth? <p>Lie detectors (Polygraph Tests) are often shown in movies as a way to tell whether someone is telling the truth or not. The <a href=""http://www.apa.org/research/action/polygraph.aspx"" target=""_blank"">American Psychological Association</a> suggests they are not an accurate determinant, are they correct?</p>",false,0.8262367
8813, 60% of people being admitted to hospital with COVID-19 in England have had two doses of a coronavirus vaccine” The majority of COVID-19 hospitalizations in the UK are among unvaccinated people,false,0.825725
7784," Thousands of COVID Vaccine Injuries and 13 U.S. Deaths Reported in December Alone”; “In December, 3,916 COVID vaccine-related adverse events, including 13 deaths, were reported to VAERS” VAERS reports alone don't demonstrate that the COVID-19 vaccines caused adverse events; evidence does not indicate vaccines caused Bell's palsy and deaths",false,0.8255925
433," Is Gluten unhealthy? <p>Gluten-free food products are being <a href=""http://www.theatlantic.com/health/archive/2013/12/this-is-your-brain-on-gluten/282550/"" target=""_blank"">marketed as healthier than their counterparts</a>, <a href=""https://paleoleap.com/11-ways-gluten-and-wheat-can-damage-your-health/"" target=""_blank""> especially from paleo-diet marketers</a>. Many people claim gluten sensitivity with gluten-free products now everywhere. Aside from the obvious needs of celiac patients, is there reliable, scientific evidence for healthy people to avoid gluten?</p>",false,0.82410544
1899," The darker the alcohol, the worse the hangover? <p><a href=""http://metro.co.uk/2016/12/06/the-alcoholic-drinks-that-will-give-you-the-best-chance-of-avoiding-a-hangover-6303544/"" target=""_blank"">Media report</a> that drinking excessive dark alcohol like bourbon, red wine or beer produce much worse hangovers than the same quantity of light-coloured alcohol like gin, vodka and white wine. Is this true?</p>",true,0.8239521
5004," Artificially sweetened foods and drinks are less healthy, than their sugary counterparts. <p>Many people choose artificially sweetened foods and drinks over their sugary counterparts e.g. picking Diet Coke over regular Coke. Most people choose these alternatives for dietary and health reasons. Too many sugary products can be bad for dental health and can cause weight issues and lead to diabetes, so artificial sweeteners can seem to be the better option.</p><p>However, there seems to be more and more claims that Aspartame and other sweeteners can be even worse for us and lead to the very problems they are supposed to help us avoid - such as weight gain.</p><p>What is the evidence for this, and do the issues associated with these sweeteners outweigh the benefits of eating less sugar?</p>",false,0.8238277
5018," Is 5-minutes of summer sun a safe amount of time for Vitamin D? <p>I have read different reports about the times needed for a safe amount of sun (UVB) to produce healthy levels of Vitamin D. Of course it will change dependent on latitudes, skin-type, season and time of day - but it seems like there is a <a href=""https://www.osteoporosis.org.au/sites/default/files/files/vitdconsumerguide.pdf"" target=""_blank"">minimum rule of at least 5-minutes applies</a> without causing damage or increasing risk of skin cancer (at in Australia). Is this true?</p><p>Can experts share the facts for people in North America/Canada and Europe too? I assume they need more than 5-minutes each day? Many thanks!</p>",false,0.8233574
1920," Is 5G technology dangerous? <p>I read <a href=""http://www.latimes.com/business/la-fi-cellphone-5g-health-20160808-snap-story.html"" target=""_blank"">'this article'</a>. from the LA Times, claiming 5G to be potentially dangerous to human health. Can experts please verify if this is true? With 5G technology being introduced around the world, my understanding is that it is quite different from the current wireless communication radiation as it is millimetre wave radiation. It would be great if radiation experts would verify the latest research on this if its true?</p>",false,0.82306755
6871," Deaths from COVID-19 are nearing zero in the U.S. Despite a decline in COVID-19 deaths from a peak in Spring 2020, the number of deaths in July 2020 may not be as low as preliminary data suggest",mostly-true,0.8209261
4769," Does vaccinating infants cause Autism? <p>Since Dr Andrew Wakefield published his now retracted article in the Lancet linking autism with some infant vaccinations, a global anti-vaccination movement has gained momentum.</p><p>Politicians and leaders around the world are also making claims about vaccinations causing Autism and the dangers of '<a href=""http://www.newyorker.com/tech/elements/trumps-dangerous-support-for-conspiracies-about-autism-and-vaccines"" target=""_blank"">poisoning American children</a>'. Aside from all the hyperbole, can medical experts please share their knowledge/current evidence around vaccinations - is there any truth to the Anti-vaccination claims/movement?</p>",false,0.820267
8651," In April 2021, Israel lifted the requirement that everyone wear masks outdoors. Has Israel Ended Its Outdoor Mask Mandate?
The country has vaccinated more than half of its population during the COVID-19 pandemic.
After vaccinating more than half of its population from COVID-19, Israel has lifted its outdoor mask mandate. However, Israel’s health minister has urged people to continue carrying masks with them for entry into indoor public spaces, where masks are still a requirement.
A Facebook post from Philippine Star showed maskless individuals around Tel Aviv:




Israel had an outdoor masking rule for around a year. And on April 19, 2021, the country opened its schools for the first time since last September.
While the country has been lauded for its vaccination program, it has also been criticized for neglecting the Palestinians living under Israeli occupation. Palestinian officials say there is a shortage of vaccines in their territories, and Israel is responsible for vaccinations. Israeli government officials say the Palestinian Authority has their own health ministry and is responsible for organizing vaccines themselves.
Given that Israel has announced the lifting of this mask mandate, we rate this claim as “True.”",true,0.8197137
446," Is the amount of bisphenol A (BPA) getting into our foods safe? <p>BPA seems to be in a lot of food and drink packaging and is supposedly a health risk as it is a known endocrine disruptor. <a href=""https://jamanetwork.com/journals/jama/fullarticle/2675909"" target=""_blank"">The US FDA recently released a report </a>confirming the safety of BPA for use in food containers and packaging. Can endocrinologists please answer this: Are the levels of BPA getting into our foods safe? Thanks</p>",false,0.8181388
1949," Is it safe to reuse plastic water bottles? <p>Many plastic bottles of water are treated as 'single use' by consumers, one justification being that chemicals from the plastic leach into the water over time. Yet such plastics are known to degrade incredibly slowly, lasting thousands of years. Is there any evidence that refilling and reusing 'single use' plastic bottles of water is unsafe?</p>",true,0.817533
4587," Is water fluoridation safe? <p>Many articles claim that fluoridation of water supplies by municipal councils is a health risk, implicating cancer and other health problems (<a href=""https://thetruthaboutcancer.com/fluoride-drinking-ourselves-to-death/"" target=""_blank"">example</a>). Is that true? Many of my friends have have actually started to purchase filtered additive-free bottle water in the US instead of relying on tap water. Can experts please answer/verify this claim please. Thanks.</p>",true,0.8174405
5341,Colon cleansing (colon cleansing|colon cleanse|colon therapy|colon hydrotherapy|colon irrigation|colon detox|colonic cleansing|colonic cleanse|colonic therapy|colonic hydrotherapy|colonic irrigation|colonic detox|colonics cleansing|colonics cleanse|colonics therapy|colonics hydrotherapy|colonics irrigation|colonics detox|enema cleansing|enema cleanse|enema therapy|enema hydrotherapy|enema irrigation|enema detox|bowel cleansing|bowel cleanse|bowel therapy|bowel hydrotherapy|bowel irrigation|bowel detox|intestine cleansing|intestine cleanse|intestine therapy|intestine hydrotherapy|intestine irrigation|intestine detox) treat cancer ,false,0.8153151
1896," Is coconut oil unhealthy? <p><a href=""https://www.huffingtonpost.com.au/2017/06/28/is-coconut-oil-bad-for-you-the-debate-is-complex_a_23005267/"" target=""_blank"">I've read an article </a> in HuffPost suggesting coconut oil is as bad as beef fat and very high in saturate fats. More recently a Harvard Professor called it '<a href=""http://www.dailymail.co.uk/health/article-6084075/Coconut-oil-poison-Harvard-medical-professor-says.html"" target=""_blank"">one of the worst foods you can eat</a>'. Can experts please verify this and share the latest evidence on whether it is really unhealthy? Thanks</p>",true,0.8134867
8675," A COVID-19 vaccine candidate caused false positive test results for HIV. Did a COVID Vaccine Candidate Produce False Positives for HIV?
The effort was the first COVID-19 vaccine candidate to be abandoned.
On Dec. 11 2020, an Australian COVID-19 vaccine project conducted by the University of Queensland and biotech company CSL was abandoned. The project was terminated by the Australian government after several participants falsely tested positive for HIV following injection. Though there were no indications that the vaccine caused any harm, the project was cancelled to avoid undermining public trust in the vaccination process. “We can’t have any issues with confidence,” Prime Minister Scott Morrison told reporters at the time.
The issue was not that the vaccine caused or was at risk of causing HIV. The false positives stemmed from the vaccine’s use of what is known as a “molecular clamp” — a small protein used to keep COVID-19 spike proteins delivered by the shot in the correct orientation for a proper immune response. As reported by The New York Times’ vaccine tracker, “the clamp is similar to a protein on HIV, which can lead the immune system to make HIV-like antibodies.”
According to The Guardian, trial participants were advised of the possibility that HIV antibodies might be detected following injection but that this outcome was unexpected. Followup tests for HIV were negative in all cases. Because the effort was abandoned as a result of the false positives, we rate this claim as “True.”",true,0.8111669
2577," A photograph shows a large blood clot removed from a patient's lung. Is This a Picture of an ‘Amazingly Beautiful’ Blood Clot?
A photograph purportedly captured a huge blood clot removed from a patient's lung.
A photograph popped up on social media in May 2015, described as a picture of a blood clot removed from an 80-year-old patient after he presented with a 2-day-long nosebleed.  According to the accompanying text, the patient coded shortly after arrival at an emergency room, and a blood clot that went “from his nose down his airway and into his lungs” was removed via intubation:

80 yr old male with nose bleed for 2 days. Refused to go to ER. Wife finally talked husband to go to ER. He coded shortly after arriving. Medical doctor went to do intubation and found this. Pulled it out in one piece. It a blood clot that goes from his nose down his airway and into his lungs. It an amazingly beautiful blood clot.


The photograph was shared by Kevin Kimberlin, an EMT who told us that the patient was treated at a hospital he transports to and that he picture was taken by a friend of his who worked on the patient.
In November 2018, the New England Journal of Medicine website posted a similar photograph of “an intact cast of the right bronchial tree” that was “spontaneously expectorated” by a patient “during an extreme bout of coughing”:",true,0.806151
5120," Is CRISPR a game-changing technique for genetic engineering? <p>Clustered regularly interspaced short palindromic repeats (CRISPR) are segments of prokaryotic DNA containing short, repetitive base sequences. These play a key role in a bacterial defence system and form the basis of a genome editing technology known as CRISPR-Cas9 that allows permanent modification of genes within organisms. There seems to be huge hype/potential over its potential to revolutionise genetic engineering and treat disease. <a href=""http://sitn.hms.harvard.edu/flash/2014/crispr-a-game-changing-genetic-engineering-technique/"" target=""_blank"">Source</a></p><p><br></p><p>What does the genetics/bioinformatics experts think - is CRISPR a game-changer for genetic engineering? If so, why?</p>",true,0.8034295
